,index,pickup,pickdown,Unnamed: 0,Pickup_longitude,Pickup_latitude,Dropoff_longitude,Dropoff_latitude
0,28,grid1,grid1,1,-74.01325346530606,40.70689581224491,-74.0131255183673,40.70641567755103
1,29,grid1,grid12,1,-74.01326488157893,40.70710607894737,-74.00497876315791,40.74399829605263
2,30,grid1,grid13,1,-74.01276559677417,40.70731632258067,-73.9925752096774,40.74757396129033
3,31,grid1,grid14,1,-74.01261661904762,40.706449678571424,-73.98344191666665,40.74632815476192
4,32,grid1,grid15,1,-74.01260060606062,40.70618648484848,-73.97384783838382,40.74660592929294
5,33,grid1,grid16,1,-74.0132879275362,40.706751811594195,-74.00291204347823,40.755881594202904
6,34,grid1,grid17,1,-74.0132368816568,40.706565165680466,-73.9919461775148,40.75587482840236
7,35,grid1,grid18,1,-74.01273333603241,40.70686111740893,-73.98384904453438,40.75715012955468
8,36,grid1,grid19,1,-74.01252335789476,40.706296836842114,-73.97430104210525,40.75463443684214
9,37,grid1,grid20,1,-74.01229988095238,40.70652171428571,-73.96403866666667,40.757172714285716
10,38,grid1,grid21,1,-74.01238079104478,40.70624323880599,-73.99301634328357,40.764967686567175
11,39,grid1,grid22,1,-74.01321702173911,40.706719217391296,-73.98268314673909,40.76480682065215
12,40,grid1,grid23,1,-74.01222522093022,40.70616122093022,-73.97319647674416,40.76390877906978
13,41,grid1,grid24,1,-74.01193769090911,40.70588594545455,-73.96286412727272,40.76507536363636
14,42,grid1,grid25,1,-74.012824,40.706006,-73.95476238461539,40.767719000000014
15,43,grid1,grid26,1,-74.01269817073174,40.706708073170724,-73.9824878536585,40.77515180487804
16,44,grid1,grid27,1,-74.01361051851853,40.705553592592594,-73.9620344074074,40.774298222222235
17,45,grid1,grid28,1,-74.01234933333332,40.70613246296297,-73.9529742962963,40.7757097037037
18,46,grid1,grid29,1,-74.01249788888887,40.706427222222224,-73.945866,40.77720977777778
19,47,grid1,grid3,1,-74.01355183749993,40.706616415625035,-74.01214558437503,40.716204300000015
20,48,grid1,grid30,1,-74.01197066666667,40.706192888888886,-73.98008738888889,40.78478027777778
21,49,grid1,grid31,1,-74.01404218181818,40.70665150000001,-73.97506686363636,40.7855395
22,50,grid1,grid32,1,-74.01082710526315,40.70588521052632,-73.95299115789472,40.785392105263156
23,51,grid1,grid33,1,-74.01249730769231,40.70671930769231,-73.97157046153846,40.795758000000006
24,52,grid1,grid34,1,-74.01216833333332,40.705536111111115,-73.96482566666666,40.79646866666667
25,53,grid1,grid35,1,-74.0110831,40.706323100000006,-73.9631903,40.805732000000006
26,55,grid12,grid1,1,-74.00445328755366,40.74427313304723,-74.0131561030043,40.70684118454936
27,56,grid12,grid12,1,-74.00296812948518,40.74559347581902,-74.00367908892349,40.74508208424333
28,57,grid12,grid13,1,-74.00347015754923,40.74511479868708,-73.99300767505467,40.74674350765865
29,58,grid12,grid14,1,-74.00339970391069,40.74482493109867,-73.98314440968348,40.746064474860354
30,59,grid12,grid15,1,-74.00351790821259,40.744683289855054,-73.97450653140098,40.74696536714975
31,60,grid12,grid16,1,-74.0029655454545,40.74462001239669,-74.00214535950413,40.75514959090907
32,61,grid12,grid17,1,-74.00305988035267,40.74485291057932,-73.99305408312343,40.75657671158692
33,62,grid12,grid18,1,-74.003208109589,40.74461355968687,-73.98340641095895,40.75597810567514
34,63,grid12,grid19,1,-74.00355109897612,40.74467891467577,-73.97293333105797,40.75557495221841
35,64,grid12,grid20,1,-74.00375502307689,40.74481206153847,-73.96526960769228,40.75723077692305
36,65,grid12,grid21,1,-74.00332715938865,40.745407248908286,-73.99196779257639,40.764731100436705
37,66,grid12,grid22,1,-74.00316330852716,40.744712947286814,-73.98363860930229,40.76548763565894
38,67,grid12,grid23,1,-74.0040784792899,40.74426828402367,-73.97292269230769,40.764013579881656
39,68,grid12,grid24,1,-74.00392333333332,40.744381901234554,-73.96247043209873,40.76576441975309
40,69,grid12,grid25,1,-74.00334718181821,40.74429279545455,-73.95455502272729,40.7678921590909
41,70,grid12,grid26,1,-74.00382924150945,40.74532849056604,-73.98240019245276,40.77569854339621
42,71,grid12,grid27,1,-74.00316454216865,40.74514587951809,-73.9619155783133,40.77554489156628
43,72,grid12,grid28,1,-74.00373256886229,40.74472482634726,-73.95252582035933,40.77597034131737
44,73,grid12,grid29,1,-74.00416744186046,40.744974418604656,-73.94653658139534,40.77625758139534
45,74,grid12,grid3,1,-74.00448846543779,40.74462665437789,-74.01230821198158,40.71564058064518
46,75,grid12,grid30,1,-74.00391177215191,40.745482835443035,-73.98037610126586,40.784456493670874
47,76,grid12,grid31,1,-74.00377830000004,40.74533459166666,-73.97465709166667,40.78636956666665
48,77,grid12,grid32,1,-74.00389090196079,40.74525774509804,-73.95211757843136,40.784683303921575
49,78,grid12,grid33,1,-74.00385655445541,40.74519507920794,-73.97136596039603,40.79544276237623
50,79,grid12,grid34,1,-74.00329423214284,40.74567792857143,-73.96398703571427,40.796188482142874
51,80,grid12,grid35,1,-74.00419402127659,40.7447404893617,-73.9641795319149,40.80455876595745
52,82,grid13,grid1,1,-73.99217722564102,40.7471285205128,-74.01321347692307,40.70678432564102
53,83,grid13,grid12,1,-73.99290561966373,40.74580491332472,-74.00366586028461,40.74530838163
54,84,grid13,grid13,1,-73.99254459673034,40.74568117529511,-73.99235230336065,40.7466704995459
55,85,grid13,grid14,1,-73.99219579759705,40.7469314787431,-73.98237921256931,40.74563112476894
56,86,grid13,grid15,1,-73.99179002254427,40.74746799677939,-73.97469797584543,40.746682824476615
57,87,grid13,grid16,1,-73.99231532545924,40.746943692913376,-74.002152503937,40.755409661417346
58,88,grid13,grid17,1,-73.99249090433034,40.74655399093649,-73.99217628600186,40.75669933232623
59,89,grid13,grid18,1,-73.99182625516676,40.746927877583474,-73.98295908346572,40.75594526788554
60,90,grid13,grid19,1,-73.99184159999994,40.74751432450331,-73.97317061986756,40.75546538543042
61,91,grid13,grid20,1,-73.99182078676469,40.74699748161768,-73.96473735661765,40.75736552205882
62,92,grid13,grid21,1,-73.99251719393942,40.74698435555557,-73.99260006060612,40.765011094949486
63,93,grid13,grid22,1,-73.99194943194196,40.747336173321266,-73.98260519600738,40.76472075226852
64,94,grid13,grid23,1,-73.99162988356169,40.74693935388133,-73.97403173059357,40.764197168949764
65,95,grid13,grid24,1,-73.99209190885415,40.747749794270824,-73.96243612760411,40.765725656250034
66,96,grid13,grid25,1,-73.99176613754645,40.74789937918216,-73.95475667286247,40.76761733085504
67,97,grid13,grid26,1,-73.99263114939025,40.74692372256097,-73.98222327439022,40.77533672865854
68,98,grid13,grid27,1,-73.992012789916,40.74792453781514,-73.96147149159663,40.775597092436946
69,99,grid13,grid28,1,-73.991991431559,40.74794480988593,-73.95298687642592,40.7758759448669
70,100,grid13,grid29,1,-73.99180069444444,40.747619722222225,-73.9466271851852,40.776764833333345
71,101,grid13,grid3,1,-73.99274329054056,40.74669335135134,-74.01233493581084,40.71546785810811
72,102,grid13,grid30,1,-73.99277473148143,40.74719151851852,-73.98037024999998,40.78438339814813
73,103,grid13,grid31,1,-73.99275578873237,40.74690007511739,-73.9739144460094,40.78615396713615
74,104,grid13,grid32,1,-73.9920966153846,40.74769229230766,-73.95215889230764,40.78474899615382
75,105,grid13,grid33,1,-73.99215943537413,40.747006945578235,-73.9720489931972,40.79518198639454
76,106,grid13,grid34,1,-73.99241969148932,40.74705084042552,-73.96436979787232,40.796783244680846
77,107,grid13,grid35,1,-73.99192029999999,40.747448229999996,-73.96401029,40.805378190000006
78,109,grid14,grid1,1,-73.98389005300355,40.746293685512335,-74.0128546537102,40.706620409894015
79,110,grid14,grid12,1,-73.9837811019418,40.74574522330097,-74.0037180024272,40.744416470873816
80,111,grid14,grid13,1,-73.98250703854383,40.745295225910105,-73.99204140685221,40.74720427087802
81,112,grid14,grid14,1,-73.98305259403664,40.74591924541284,-73.9829765022936,40.7462609311926
82,113,grid14,grid15,1,-73.98298256057001,40.74561538479806,-73.97449135154399,40.74718119952492
83,114,grid14,grid16,1,-73.9832691989796,40.746427821428576,-74.00223347448981,40.755857076530624
84,115,grid14,grid17,1,-73.98336778743322,40.746311818181766,-73.99204680481284,40.756191755347615
85,116,grid14,grid18,1,-73.98424391489358,40.74642905263161,-73.98291371668532,40.7560076450168
86,117,grid14,grid19,1,-73.98244091980673,40.745675505314004,-73.97299086859908,40.75568201159427
87,118,grid14,grid20,1,-73.98246670724636,40.74565550724639,-73.96504828985509,40.75736826666668
88,119,grid14,grid21,1,-73.98394806569338,40.7470621058394,-73.99239976642342,40.76430571897807
89,120,grid14,grid22,1,-73.98403772946185,40.74656779745043,-73.98274948016993,40.764525073654376
90,121,grid14,grid23,1,-73.9830121503624,40.746678394927585,-73.97255048913043,40.763749871376824
91,122,grid14,grid24,1,-73.98200454878052,40.74570448577238,-73.96316646341465,40.76570229471547
92,123,grid14,grid25,1,-73.98242125396825,40.74576683068781,-73.95467549735444,40.76789338624338
93,124,grid14,grid26,1,-73.98316747524754,40.74610787128714,-73.98209810891088,40.775548445544544
94,125,grid14,grid27,1,-73.98242217712185,40.74624246125461,-73.96151312546128,40.774933904059054
95,126,grid14,grid28,1,-73.98253953238874,40.74557556477736,-73.95330406072874,40.776110854250994
96,127,grid14,grid29,1,-73.9828114385965,40.745647578947356,-73.9465262105263,40.777536017543845
97,128,grid14,grid3,1,-73.98335092763163,40.74573899342107,-74.011884381579,40.71560946710525
98,129,grid14,grid30,1,-73.98404514545453,40.746390963636365,-73.98040507272727,40.78401281818181
99,130,grid14,grid31,1,-73.98281292715232,40.74591399337746,-73.97375904635763,40.78597662251654
100,131,grid14,grid32,1,-73.98256823287673,40.74607221917807,-73.95224245205473,40.78461519634704
101,132,grid14,grid33,1,-73.98350074390241,40.74654224390244,-73.97199142682923,40.79532229268294
102,133,grid14,grid34,1,-73.98352158928571,40.74590558928571,-73.96414041071428,40.795148339285724
103,134,grid14,grid35,1,-73.98378850980392,40.74629464705881,-73.96369449019608,40.80448117647058
104,136,grid15,grid1,1,-73.9747810944882,40.74704979527559,-74.01281276377958,40.705355448818885
105,137,grid15,grid12,1,-73.97502654913295,40.74677501156068,-74.00325858959536,40.74492381502889
106,138,grid15,grid13,1,-73.97462769923371,40.7470919137931,-73.99190983333331,40.74784180651341
107,139,grid15,grid14,1,-73.97479458134488,40.74702750325382,-73.98334636225599,40.746039713665915
108,140,grid15,grid15,1,-73.97489927507166,40.74716844412612,-73.97483901719205,40.74691581948428
109,141,grid15,grid16,1,-73.97463056716417,40.74746770149254,-74.00248556716417,40.75624595522388
110,142,grid15,grid17,1,-73.97482395469251,40.74768912297731,-73.99152011003237,40.75584800647244
111,143,grid15,grid18,1,-73.97464650561797,40.747895370786544,-73.98399038951305,40.75643764044946
112,144,grid15,grid19,1,-73.97478272782253,40.7467301391129,-73.97272902620963,40.75554553830643
113,145,grid15,grid20,1,-73.97429022222222,40.74616216816814,-73.96450875375369,40.75742567867866
114,146,grid15,grid21,1,-73.97459647887322,40.74726836619718,-73.99242973239436,40.76461222535211
115,147,grid15,grid22,1,-73.97462505701756,40.74785896052629,-73.98296664473683,40.7646559517544
116,148,grid15,grid23,1,-73.97459675935828,40.74732570053474,-73.97181740641707,40.76381043315509
117,149,grid15,grid24,1,-73.97453492173909,40.74692211594205,-73.96273488115936,40.764725423188416
118,150,grid15,grid25,1,-73.9739836190476,40.7466908042328,-73.95492937037035,40.76785988359787
119,151,grid15,grid26,1,-73.97431511688309,40.74743387012987,-73.98160849350649,40.77561807792207
120,152,grid15,grid27,1,-73.97458283018867,40.7479047264151,-73.9616905,40.77462270754715
121,153,grid15,grid28,1,-73.97451184057965,40.747155713043476,-73.95285533913042,40.77584478840582
122,154,grid15,grid29,1,-73.9739102571428,40.74701758571429,-73.94646072857141,40.77751102857143
123,155,grid15,grid3,1,-73.974824,40.747617822784804,-74.01195978481013,40.716494772151904
124,156,grid15,grid30,1,-73.9751676153846,40.74781134615385,-73.98062769230769,40.784768692307686
125,157,grid15,grid31,1,-73.975043875,40.74671154687501,-73.97381446874999,40.78594053124999
126,158,grid15,grid32,1,-73.97501950892854,40.74655658035714,-73.9516256696429,40.784179205357155
127,159,grid15,grid33,1,-73.97487810000003,40.74740527499999,-73.9719853,40.79482145
128,160,grid15,grid34,1,-73.97486947999998,40.74751268,-73.96427075999998,40.79630587999999
129,161,grid15,grid35,1,-73.97391715384616,40.74804669230769,-73.9650342307692,40.804619461538465
130,163,grid16,grid1,1,-74.0025907142857,40.756213047619035,-74.01397,40.706853031746036
131,164,grid16,grid12,1,-74.00181186309524,40.755904392857126,-74.0035664761905,40.74440655357143
132,165,grid16,grid13,1,-74.0021590555556,40.75552463131311,-73.99270592929292,40.74702632323232
133,166,grid16,grid14,1,-74.00190600877197,40.75529233333332,-73.9836207105263,40.746140192982445
134,167,grid16,grid15,1,-74.00181240909093,40.754924409090904,-73.97417159090908,40.74710788636363
135,168,grid16,grid16,1,-74.0010809047619,40.75609578571429,-74.00244426190473,40.7554725357143
136,169,grid16,grid17,1,-74.00177094021743,40.755746336956534,-73.99260938043481,40.756249505434766
137,170,grid16,grid18,1,-74.00163254330705,40.75669780314962,-73.98353819685035,40.7560541417323
138,171,grid16,grid19,1,-74.00219525757576,40.75564421212118,-73.97309059090908,40.755989242424256
139,172,grid16,grid20,1,-74.00152836363638,40.755252939393934,-73.96472554545451,40.757458606060595
140,173,grid16,grid21,1,-74.00104896183207,40.754879396946585,-73.99198048854957,40.76475916030536
141,174,grid16,grid22,1,-74.00167883707869,40.75583274719103,-73.98342773033704,40.76510109550561
142,175,grid16,grid23,1,-74.00128158620689,40.75516486206896,-73.97340024137931,40.76389841379311
143,176,grid16,grid24,1,-74.00115915384616,40.755686499999996,-73.9637243076923,40.765929846153846
144,177,grid16,grid25,1,-74.00319544444443,40.755339000000006,-73.955247,40.767933111111105
145,178,grid16,grid26,1,-74.00123566279072,40.755551302325586,-73.98236924418603,40.7757421744186
146,179,grid16,grid27,1,-74.00197325,40.756159399999994,-73.9616724,40.77656969999999
147,180,grid16,grid28,1,-74.00239423529409,40.75473343137254,-73.95337519607841,40.775722
148,181,grid16,grid29,1,-74.00111699999998,40.75540083333333,-73.94663733333333,40.777021
149,182,grid16,grid3,1,-74.00209596874997,40.75599392187502,-74.01199309375001,40.71611365625001
150,183,grid16,grid30,1,-74.0027802368421,40.755111526315794,-73.9808219736842,40.78394634210526
151,184,grid16,grid31,1,-74.00192317499997,40.754668375,-73.97493432499999,40.786066575
152,185,grid16,grid32,1,-74.00187170588234,40.75343276470589,-73.95182899999999,40.784541705882354
153,186,grid16,grid33,1,-74.002364,40.754839000000004,-73.97171766666666,40.79450855555555
154,187,grid16,grid34,1,-74.00123538095238,40.754891904761905,-73.96456947619046,40.79718785714286
155,188,grid16,grid35,1,-74.00064540909092,40.75618327272727,-73.96344750000002,40.805380227272735
156,190,grid17,grid1,1,-73.99232841509436,40.755774656603755,-74.01357184905655,40.706862837735876
157,191,grid17,grid12,1,-73.99325810204084,40.756496279883436,-74.003377590379,40.74486823032074
158,192,grid17,grid13,1,-73.99209700433366,40.75678538353192,-73.99230243228604,40.746878390032535
159,193,grid17,grid14,1,-73.99217819436623,40.75586391126757,-73.98312874366195,40.746307450704236
160,194,grid17,grid15,1,-73.99200158571423,40.75511478857143,-73.97464128857143,40.74703320857144
161,195,grid17,grid16,1,-73.99245642786069,40.75521300746265,-74.00230256716422,40.75619087064673
162,196,grid17,grid17,1,-73.99248741975312,40.75607744197528,-73.9922619172839,40.75621248148146
163,197,grid17,grid18,1,-73.9924043626506,40.755484726506054,-73.98287278072287,40.75628996867477
164,198,grid17,grid19,1,-73.99173947861847,40.755911781250056,-73.9733702384869,40.75581101315789
165,199,grid17,grid20,1,-73.99194998360652,40.75563625683058,-73.96473469398904,40.75754514207649
166,200,grid17,grid21,1,-73.99272154617842,40.75556576114651,-73.99288999522287,40.765413934713365
167,201,grid17,grid22,1,-73.99199395548969,40.75595398516324,-73.98323084940638,40.76538069287828
168,202,grid17,grid23,1,-73.99149059930315,40.7561916829268,-73.97350656097562,40.76426946689897
169,203,grid17,grid24,1,-73.99192022978727,40.75562000851062,-73.96268314468081,40.76540802978723
170,204,grid17,grid25,1,-73.99161461490685,40.75488563354036,-73.95461383229811,40.76777322360248
171,205,grid17,grid26,1,-73.99234949000002,40.756471995999995,-73.98218602799997,40.77540361200002
172,206,grid17,grid27,1,-73.9914971321839,40.75591677011496,-73.96186839080455,40.77588951149426
173,207,grid17,grid28,1,-73.9918691390374,40.755124887700525,-73.95301822994652,40.77564802406421
174,208,grid17,grid29,1,-73.99209153947365,40.75469468421052,-73.94660824999998,40.77664269736842
175,209,grid17,grid3,1,-73.99245973913047,40.75568672049689,-74.01183642236023,40.715417677018635
176,210,grid17,grid30,1,-73.99234990151515,40.75651985606062,-73.98023193181817,40.78443181060606
177,211,grid17,grid31,1,-73.99210210116728,40.756191416342425,-73.97403153307388,40.786020661478595
178,212,grid17,grid32,1,-73.99173388421048,40.75529014210525,-73.95206916315793,40.78461685789472
179,213,grid17,grid33,1,-73.99222740880498,40.75639854716981,-73.9717470188679,40.7948787861635
180,214,grid17,grid34,1,-73.9919463826087,40.756103956521756,-73.96389060869566,40.79669969565217
181,215,grid17,grid35,1,-73.99214460360363,40.75594189189187,-73.96414131531533,40.80476627027028
182,217,grid18,grid1,1,-73.98387857692305,40.75695532967033,-74.01331708516486,40.70688814835166
183,218,grid18,grid12,1,-73.98411601518991,40.756379812658245,-74.00362352405067,40.74438456455694
184,219,grid18,grid13,1,-73.98362244479232,40.756560398590445,-73.99174003210649,40.74764491777606
185,220,grid18,grid14,1,-73.98324414481196,40.75633301938431,-73.98381964310153,40.74645617331815
186,221,grid18,grid15,1,-73.98353824159021,40.75600436085627,-73.97444025688071,40.74735807645259
187,222,grid18,grid16,1,-73.98406138157897,40.756711719298266,-74.0020982061403,40.756940355263175
188,223,grid18,grid17,1,-73.98338786640211,40.75634297089948,-73.99203843915338,40.75542851984133
189,224,grid18,grid18,1,-73.98368540651384,40.756393785283414,-73.98324498673105,40.75607853679129
190,225,grid18,grid19,1,-73.98380764444447,40.75675331503264,-73.97350342352944,40.755626243137236
191,226,grid18,grid20,1,-73.98304627638188,40.75611479396984,-73.96489562814067,40.757463050251246
192,227,grid18,grid21,1,-73.98434761290316,40.75671460752687,-73.99385786559137,40.765214943548415
193,228,grid18,grid22,1,-73.98406127917123,40.75641705997822,-73.98243099781895,40.76526020937837
194,229,grid18,grid23,1,-73.98308889094277,40.75592949353051,-73.97372117190386,40.764046286506506
195,230,grid18,grid24,1,-73.98271152808988,40.75606959176027,-73.96346999250937,40.765840779026206
196,231,grid18,grid25,1,-73.98338863432834,40.75522996268657,-73.95445005970153,40.76723512686566
197,232,grid18,grid26,1,-73.98351683061887,40.75674918241041,-73.98187049837132,40.77502196416933
198,233,grid18,grid27,1,-73.98274778431373,40.75615058333333,-73.96162822058822,40.77557542156861
199,234,grid18,grid28,1,-73.98309572093024,40.756135922480595,-73.95304382170549,40.775986972868225
200,235,grid18,grid29,1,-73.9830336153846,40.75626849230769,-73.94637886153845,40.77764116923078
201,236,grid18,grid3,1,-73.98300143670879,40.75659320886075,-74.01173412025317,40.714966664556975
202,237,grid18,grid30,1,-73.98383272000002,40.756850099999994,-73.9800585,40.78413882
203,238,grid18,grid31,1,-73.98325051627904,40.75635999069771,-73.97362786046513,40.7859337767442
204,239,grid18,grid32,1,-73.98302939215691,40.756281601307215,-73.95256273202614,40.78444559477125
205,240,grid18,grid33,1,-73.98401896610173,40.756330762711876,-73.97202188135594,40.79489632203392
206,241,grid18,grid34,1,-73.98419579545454,40.75680655681818,-73.96446822727275,40.796277215909086
207,242,grid18,grid35,1,-73.98455169491524,40.756533779661034,-73.9636306779661,40.80481608474577
208,244,grid19,grid1,1,-73.97380998245613,40.75533642456141,-74.0129856350877,40.706336059649104
209,245,grid19,grid12,1,-73.97375217532468,40.75537401623378,-74.00345228246758,40.74467541233769
210,246,grid19,grid13,1,-73.97341252019702,40.755368139901464,-73.99169351034486,40.74787615467985
211,247,grid19,grid14,1,-73.97330802202632,40.75576184140966,-73.98285067753307,40.7459051559471
212,248,grid19,grid15,1,-73.97260076208893,40.755311584139285,-73.97454898065759,40.74662810638299
213,249,grid19,grid16,1,-73.97405588372095,40.755050087209305,-74.00235396511631,40.756547726744195
214,250,grid19,grid17,1,-73.9737544561664,40.755391860326924,-73.99164966864782,40.75589737147102
215,251,grid19,grid18,1,-73.97333422554337,40.75576738722825,-73.98390232744573,40.75684854483691
216,252,grid19,grid19,1,-73.97316318892886,40.75584348977134,-73.97336587003615,40.75538305535498
217,253,grid19,grid20,1,-73.9733174055555,40.75516345000001,-73.96426159999996,40.75780559722224
218,254,grid19,grid21,1,-73.97341523487546,40.755434875444806,-73.99278334875451,40.76476610676154
219,255,grid19,grid22,1,-73.97387124480714,40.75559824629075,-73.9828657388724,40.76495713353122
220,256,grid19,grid23,1,-73.97363759280302,40.7556197689394,-73.97228123106066,40.76397514583334
221,257,grid19,grid24,1,-73.97289941690137,40.75554726478872,-73.96291485633802,40.76598052535215
222,258,grid19,grid25,1,-73.97278216300934,40.75541538557995,-73.95451353291529,40.767623222570556
223,259,grid19,grid26,1,-73.97391910943396,40.7554837471698,-73.98186432830192,40.7756736754717
224,260,grid19,grid27,1,-73.97329907242997,40.75658581074769,-73.961869656542,40.77460819392524
225,261,grid19,grid28,1,-73.97257775753025,40.7557302921687,-73.95344059638548,40.77578871084333
226,262,grid19,grid29,1,-73.97266803361345,40.755677268907554,-73.94657933613443,40.77713337815125
227,263,grid19,grid3,1,-73.9738996231884,40.75546921739131,-74.01169897101447,40.71545634057971
228,264,grid19,grid30,1,-73.97378550617286,40.75509909876542,-73.98067444444443,40.78394401234569
229,265,grid19,grid31,1,-73.97347211666667,40.75547311111112,-73.9738836777778,40.785541638888894
230,266,grid19,grid32,1,-73.97284996678965,40.75610407380074,-73.95246646494465,40.78441246125463
231,267,grid19,grid33,1,-73.97341987951806,40.75553709638554,-73.97168798795178,40.79531899999999
232,268,grid19,grid34,1,-73.97299984000001,40.75529385999999,-73.96506339999998,40.79544944
233,269,grid19,grid35,1,-73.97389120833333,40.75599156250001,-73.96412358333335,40.80554470833332
234,271,grid20,grid1,1,-73.96483219298243,40.75801363157894,-74.0127041403509,40.70491884210528
235,272,grid20,grid12,1,-73.96497785542172,40.75765855421685,-74.00382201204818,40.74427189156626
236,273,grid20,grid13,1,-73.96504154578749,40.75762185347986,-73.99182923443226,40.74777994871793
237,274,grid20,grid14,1,-73.96540158278141,40.75747138079469,-73.98255538410596,40.74575233774836
238,275,grid20,grid15,1,-73.96550713846155,40.75800371692308,-73.97473652923075,40.74610043384617
239,276,grid20,grid16,1,-73.9647805,40.75773709374999,-74.00242884374998,40.7555655625
240,277,grid20,grid17,1,-73.965278006579,40.757598381578944,-73.99157926973687,40.756010302631545
241,278,grid20,grid18,1,-73.9655761225806,40.757539283870976,-73.983702567742,40.75657520645163
242,279,grid20,grid19,1,-73.96465967741933,40.757937124731185,-73.97317500645165,40.75501177419356
243,280,grid20,grid20,1,-73.96437331884057,40.75760595289856,-73.96411284057973,40.75782517753623
244,281,grid20,grid21,1,-73.96523424561406,40.75810889473684,-73.99262310526318,40.7647279122807
245,282,grid20,grid22,1,-73.96495388557214,40.75797660696518,-73.98270081094522,40.76502926368158
246,283,grid20,grid23,1,-73.96438516161616,40.75720442424246,-73.97164606060603,40.76405704040405
247,284,grid20,grid24,1,-73.96455848888885,40.75719916388886,-73.96264642500006,40.765917675
248,285,grid20,grid25,1,-73.96390511437902,40.75781782352935,-73.9546921339869,40.76788391830063
249,286,grid20,grid26,1,-73.96493499047615,40.75723474285714,-73.98171081904765,40.77512838095239
250,287,grid20,grid27,1,-73.96419320202017,40.75772719696968,-73.96132413131309,40.77466635353536
251,288,grid20,grid28,1,-73.96417390719695,40.75793614583333,-73.95264641666668,40.77541200189392
252,289,grid20,grid29,1,-73.96387129133856,40.75785685039369,-73.94645490551176,40.777205244094475
253,290,grid20,grid3,1,-73.96473319047618,40.75781538095238,-74.01267585714284,40.71605357142856
254,291,grid20,grid30,1,-73.96486957142857,40.757476690476196,-73.98056652380951,40.78330373809523
255,292,grid20,grid31,1,-73.96479405970148,40.75793149253731,-73.97346277611938,40.785708746268675
256,293,grid20,grid32,1,-73.96399401333338,40.758151473333335,-73.95259818000001,40.784191786666675
257,294,grid20,grid33,1,-73.9648551190476,40.75723092857144,-73.9712979047619,40.79569819047619
258,295,grid20,grid34,1,-73.96500876190476,40.75794904761905,-73.96444942857141,40.795567619047624
259,296,grid20,grid35,1,-73.964605125,40.758038541666664,-73.96395258333332,40.80483683333334
260,298,grid21,grid1,1,-73.9927551956522,40.7644987826087,-74.0134105869565,40.70654178260869
261,299,grid21,grid12,1,-73.99204532587068,40.764217746268685,-74.00315215671641,40.74504637313435
262,300,grid21,grid13,1,-73.99307671858412,40.764666292035415,-73.99283018761062,40.74796471858407
263,301,grid21,grid14,1,-73.99279569076309,40.76457874698794,-73.98307475903619,40.746696216867456
264,302,grid21,grid15,1,-73.99240550526315,40.76439705263159,-73.97490025263157,40.74743767368421
265,303,grid21,grid16,1,-73.99243088764042,40.76472624157303,-74.00279330337077,40.75515052808991
266,304,grid21,grid17,1,-73.99272994366189,40.76479473239431,-73.99261419014077,40.75548274295778
267,305,grid21,grid18,1,-73.99382114905148,40.76478884552842,-73.98354810027101,40.756143593495906
268,306,grid21,grid19,1,-73.99281982239387,40.76500237837841,-73.97401030115826,40.75536721235519
269,307,grid21,grid20,1,-73.99276069999999,40.76554074285714,-73.96529082857141,40.7574269
270,308,grid21,grid21,1,-73.9926079299363,40.7646552165605,-73.99261509554141,40.76482099363056
271,309,grid21,grid22,1,-73.99306948362242,40.76545786319846,-73.98326834874756,40.76569912524084
272,310,grid21,grid23,1,-73.99234451754387,40.764730587719306,-73.97282406140354,40.76392842105265
273,311,grid21,grid24,1,-73.99193175903615,40.76477356626506,-73.96322744578313,40.7652416746988
274,312,grid21,grid25,1,-73.99270411627906,40.76381239534885,-73.95485720930232,40.76644539534884
275,313,grid21,grid26,1,-73.99208451948047,40.7652476025974,-73.98272344155839,40.77587390129868
276,314,grid21,grid27,1,-73.99169614285714,40.765442387755094,-73.96149426530611,40.776033612244895
277,315,grid21,grid28,1,-73.99203851908399,40.765361083969474,-73.95299825190841,40.77615599236643
278,316,grid21,grid29,1,-73.99101325,40.7649741,-73.94645825,40.77819255000001
279,317,grid21,grid3,1,-73.99223404166666,40.76432640277779,-74.01225340277776,40.71609923611111
280,318,grid21,grid30,1,-73.99188864335663,40.76602248951048,-73.98037637762239,40.7840761118881
281,319,grid21,grid31,1,-73.99157129891303,40.76571380978262,-73.9747952119565,40.786185108695655
282,320,grid21,grid32,1,-73.9924043846154,40.76502013461538,-73.95149550000002,40.78469609615385
283,321,grid21,grid33,1,-73.99201331932774,40.76546384873948,-73.97200681512605,40.794976084033614
284,322,grid21,grid34,1,-73.99186763157896,40.76500701754387,-73.96402277192982,40.79695391228071
285,323,grid21,grid35,1,-73.99192187499999,40.764831890625004,-73.96397134374998,40.804471375000006
286,325,grid22,grid1,1,-73.98260470517926,40.76421212749007,-74.01319104780876,40.706790685258945
287,326,grid22,grid12,1,-73.98371134978541,40.76564225965666,-74.00357151931328,40.74467251072963
288,327,grid22,grid13,1,-73.98263928548373,40.76482457741933,-73.99201462580633,40.74813735403224
289,328,grid22,grid14,1,-73.98293586731401,40.76492656634309,-73.98344006310678,40.74648760032363
290,329,grid22,grid15,1,-73.9829526880342,40.765027290598304,-73.9743515213675,40.747302008546995
291,330,grid22,grid16,1,-73.98317469379845,40.76483415891471,-74.00220215891473,40.75681505038761
292,331,grid22,grid17,1,-73.98307904398827,40.765352566959926,-73.99210286999022,40.75604369305961
293,332,grid22,grid18,1,-73.9826108571428,40.765162872881376,-73.98372733656176,40.756395211864465
294,333,grid22,grid19,1,-73.98281971223021,40.76516323884897,-73.97371087338126,40.755731200000014
295,334,grid22,grid20,1,-73.98260354585156,40.76531196069867,-73.96495545851532,40.75766955895195
296,335,grid22,grid21,1,-73.98322264468858,40.76548053846157,-73.99279104761905,40.76534983150187
297,336,grid22,grid22,1,-73.98321043616038,40.7656734249767,-73.98259942963655,40.7655484780988
298,337,grid22,grid23,1,-73.982567747093,40.76534894186047,-73.97291070930235,40.76399654651162
299,338,grid22,grid24,1,-73.98239627707001,40.76564089808918,-73.96307049044586,40.76575336624206
300,339,grid22,grid25,1,-73.98285448979591,40.76537930102041,-73.95471596428565,40.76757689795919
301,340,grid22,grid26,1,-73.98308000982793,40.76586764127764,-73.98199788697792,40.77587160073708
302,341,grid22,grid27,1,-73.98240672077917,40.765867633116876,-73.96188855844156,40.77616394155843
303,342,grid22,grid28,1,-73.98286814420804,40.7655294940898,-73.95327978250586,40.77597560992905
304,343,grid22,grid29,1,-73.98248214285717,40.765229571428556,-73.94642399999998,40.77756268253969
305,344,grid22,grid3,1,-73.98238688439304,40.76495806936418,-74.01252647398847,40.71518049710981
306,345,grid22,grid30,1,-73.98330668707487,40.76640478231292,-73.98010059523811,40.78408323809523
307,346,grid22,grid31,1,-73.98296300842699,40.76677654634835,-73.97356991994388,40.785642231741555
308,347,grid22,grid32,1,-73.9827469437229,40.76591228571427,-73.95241896969699,40.7847782207792
309,348,grid22,grid33,1,-73.983211937931,40.76587679655172,-73.97153161724142,40.79478106896553
310,349,grid22,grid34,1,-73.98289826625388,40.76671487925698,-73.96343751393191,40.79645493498452
311,350,grid22,grid35,1,-73.98313398214289,40.76667415625001,-73.96368249553578,40.804698558035724
312,352,grid23,grid1,1,-73.97301744339623,40.76342220754718,-74.0129057169811,40.70668768867923
313,353,grid23,grid12,1,-73.97238832716052,40.76357832098766,-74.00411344444443,40.74408314197532
314,354,grid23,grid13,1,-73.97313590740745,40.763897222222205,-73.99159031746028,40.74748915079362
315,355,grid23,grid14,1,-73.97227293951619,40.76342692741938,-73.98319872782261,40.74658784475808
316,356,grid23,grid15,1,-73.97187209090909,40.763335721212115,-73.9744432060606,40.74715688484847
317,357,grid23,grid16,1,-73.97365434,40.76414696,-74.00216832,40.75599418
318,358,grid23,grid17,1,-73.97342043217665,40.763836009463695,-73.99134582018927,40.75611356782331
319,359,grid23,grid18,1,-73.9730301078652,40.7637903662921,-73.98361446067418,40.75647076179775
320,360,grid23,grid19,1,-73.97204967230445,40.76365950317125,-73.97372869133189,40.75533793234676
321,361,grid23,grid20,1,-73.97242732812497,40.76357188541665,-73.96450523958332,40.75747606250001
322,362,grid23,grid21,1,-73.97332079285714,40.76369444285713,-73.99219852857146,40.7652231
323,363,grid23,grid22,1,-73.97312018204494,40.76411860847882,-73.98277975561098,40.766131054862825
324,364,grid23,grid23,1,-73.97243642857141,40.764208202090565,-73.9723398188153,40.76393758885021
325,365,grid23,grid24,1,-73.97202472072074,40.763891156156184,-73.96304832432433,40.76644787087088
326,366,grid23,grid25,1,-73.97203116546758,40.7640926618705,-73.95459084172667,40.76754565467627
327,367,grid23,grid26,1,-73.97331858389263,40.76482279530204,-73.98202519798654,40.77557565100669
328,368,grid23,grid27,1,-73.97125469083967,40.76432018893136,-73.96180875954195,40.775173660305406
329,369,grid23,grid28,1,-73.97166744903576,40.76400722865017,-73.95357552892557,40.77603603581269
330,370,grid23,grid29,1,-73.97203644776118,40.7639588358209,-73.9461527164179,40.77698653731343
331,371,grid23,grid3,1,-73.97270288235298,40.763988088235294,-74.01169244117646,40.716156602941176
332,372,grid23,grid30,1,-73.9737925,40.76423510638298,-73.9802654893617,40.78414451063829
333,373,grid23,grid31,1,-73.97291837735844,40.76448089937107,-73.97389196855345,40.785844515723284
334,374,grid23,grid32,1,-73.97145855555561,40.76443553968255,-73.95367830158733,40.784558634920636
335,375,grid23,grid33,1,-73.973066,40.764380062499995,-73.97174898749999,40.794825487499985
336,376,grid23,grid34,1,-73.97252324561401,40.764863666666656,-73.96436921052631,40.795781684210525
337,377,grid23,grid35,1,-73.97247457142858,40.763777714285716,-73.96466311904763,40.80454933333333
338,379,grid24,grid1,1,-73.96240147272727,40.7658934909091,-74.01293205454543,40.705296800000006
339,380,grid24,grid12,1,-73.96388468932035,40.765670747572806,-74.003982776699,40.74517696116505
340,381,grid24,grid13,1,-73.96321041025638,40.76576213675214,-73.99175240170943,40.74803268945868
341,382,grid24,grid14,1,-73.96360091504856,40.76593585436894,-73.9823816237864,40.74597266019424
342,383,grid24,grid15,1,-73.96287562676049,40.76501016197185,-73.9747973239437,40.7467588661972
343,384,grid24,grid16,1,-73.96240796226412,40.765406358490566,-74.00212799999998,40.75553096226416
344,385,grid24,grid17,1,-73.96335297058822,40.76523459803919,-73.99175561274512,40.75542624999998
345,386,grid24,grid18,1,-73.96374911020412,40.76538787755106,-73.98334027346935,40.75670707346941
346,387,grid24,grid19,1,-73.9635629512499,40.76600956249997,-73.972958345,40.756100572500024
347,388,grid24,grid20,1,-73.9625890199203,40.76609815936254,-73.96488074103587,40.757177318725084
348,389,grid24,grid21,1,-73.96316008247426,40.76507970103092,-73.99145575257732,40.76471660824742
349,390,grid24,grid22,1,-73.9638218432056,40.76572904878053,-73.98253612195121,40.76597024738674
350,391,grid24,grid23,1,-73.96331500797871,40.76638132978726,-73.97109356914893,40.76391767287236
351,392,grid24,grid24,1,-73.96338303947363,40.765660413742694,-73.96313898830405,40.76639678801168
352,393,grid24,grid25,1,-73.96343347027026,40.76502713243242,-73.95452479189191,40.767562808108124
353,394,grid24,grid26,1,-73.96344451497002,40.76631690718562,-73.9816729431138,40.775593056886244
354,395,grid24,grid27,1,-73.96381392844977,40.76582549574107,-73.96126841567303,40.77499190459967
355,396,grid24,grid28,1,-73.96327067533736,40.76536220231216,-73.9534758111752,40.77623197398849
356,397,grid24,grid29,1,-73.96278190340907,40.765734062500016,-73.9461452840909,40.77681353977272
357,398,grid24,grid3,1,-73.96307275675674,40.766029945945945,-74.01268245945946,40.71539743243243
358,399,grid24,grid30,1,-73.96322208045977,40.76639725287359,-73.98036644827584,40.7842126091954
359,400,grid24,grid31,1,-73.96350831707315,40.76615282439026,-73.97377087804875,40.78573310731708
360,401,grid24,grid32,1,-73.96372883777772,40.76588531111111,-73.95263645999994,40.7842773244444
361,402,grid24,grid33,1,-73.9633995576923,40.76592228846156,-73.97151476923078,40.7956854230769
362,403,grid24,grid34,1,-73.9640747162162,40.76657448648648,-73.96397606756751,40.795442283783785
363,404,grid24,grid35,1,-73.96337336111111,40.76656927777779,-73.96412661111113,40.805492416666674
364,406,grid25,grid1,1,-73.95472413793105,40.767611689655176,-74.01371344827585,40.70622455172414
365,407,grid25,grid12,1,-73.95476917021276,40.767501234042555,-74.0031536170213,40.745406787234046
366,408,grid25,grid13,1,-73.95484032369941,40.767555184971094,-73.99169285549132,40.74865661849711
367,409,grid25,grid14,1,-73.95499572727272,40.76794309090907,-73.98346816083914,40.74639195804195
368,410,grid25,grid15,1,-73.95517640259742,40.76757849350649,-73.97419847402601,40.746142935064924
369,411,grid25,grid16,1,-73.95438660869564,40.768023130434784,-74.00218904347825,40.75570091304348
370,412,grid25,grid17,1,-73.95494182608695,40.76765003478261,-73.9912252521739,40.75587855652171
371,413,grid25,grid18,1,-73.95511745871559,40.76766305504587,-73.98275664220184,40.756351321100915
372,414,grid25,grid19,1,-73.95492290282132,40.76773997492163,-73.97293855485896,40.75580466771161
373,415,grid25,grid20,1,-73.95486474074079,40.76785086574073,-73.96376320370372,40.75767557407408
374,416,grid25,grid21,1,-73.95494256818185,40.76838849999999,-73.99191654545454,40.764462068181814
375,417,grid25,grid22,1,-73.9550786146789,40.767671174311914,-73.98298541284403,40.76561711009176
376,418,grid25,grid23,1,-73.95473834722223,40.76798168750001,-73.97118479166664,40.76350276388888
377,419,grid25,grid24,1,-73.95459197988495,40.76785541379311,-73.96345812643672,40.76558998563217
378,420,grid25,grid25,1,-73.95441134682083,40.76763924855492,-73.95424465895954,40.76736897109827
379,421,grid25,grid26,1,-73.95502314754098,40.76797809836065,-73.98160910655734,40.775931098360665
380,422,grid25,grid27,1,-73.9544878715596,40.76823035321099,-73.96170043577979,40.774972348623855
381,423,grid25,grid28,1,-73.95482459917359,40.76769622314048,-73.95254194214871,40.77665324586779
382,424,grid25,grid29,1,-73.95487832386362,40.76735033522726,-73.94618852840908,40.77729552840909
383,425,grid25,grid3,1,-73.95505425806452,40.76755361290323,-74.01188887096774,40.716239161290325
384,426,grid25,grid30,1,-73.95474016326526,40.767388387755126,-73.98032195918368,40.7840879387755
385,427,grid25,grid31,1,-73.95465813999998,40.76752157000002,-73.97331625,40.78569641999999
386,428,grid25,grid32,1,-73.95508465605094,40.76801985987259,-73.95205719745222,40.784217592356676
387,429,grid25,grid33,1,-73.95498776785713,40.76761314285716,-73.97174728571432,40.79504778571429
388,430,grid25,grid34,1,-73.9546194,40.767640150000005,-73.96388069999998,40.79518875
389,431,grid25,grid35,1,-73.95457052173913,40.767347739130436,-73.964057,40.80484121739129
390,433,grid26,grid1,1,-73.9820431282051,40.775351,-74.01251105128206,40.706904461538464
391,434,grid26,grid12,1,-73.98255782278481,40.77559914556961,-74.00373187341772,40.74479648101264
392,435,grid26,grid13,1,-73.98223825531915,40.775228060790255,-73.99270781155018,40.747930437689995
393,436,grid26,grid14,1,-73.98174994285712,40.774895165714284,-73.98277260000003,40.7460497142857
394,437,grid26,grid15,1,-73.98152863917527,40.77500162886598,-73.97483838144329,40.747210041237125
395,438,grid26,grid16,1,-73.98268645977011,40.776234183908045,-74.00241781609195,40.75605774712643
396,439,grid26,grid17,1,-73.98221463730572,40.77505703886011,-73.9922627953368,40.75656940932641
397,440,grid26,grid18,1,-73.98184525559105,40.77477352715653,-73.98333740255596,40.7566989680511
398,441,grid26,grid19,1,-73.9816776605166,40.77480063837641,-73.97352746863464,40.75568773800739
399,442,grid26,grid20,1,-73.98178521487607,40.77533898347108,-73.96455817355375,40.75783778512398
400,443,grid26,grid21,1,-73.98220357142857,40.77577386322185,-73.99170978723407,40.76473499392099
401,444,grid26,grid22,1,-73.98194889734305,40.77593434661834,-73.98289713647335,40.76599509057967
402,445,grid26,grid23,1,-73.98186003381639,40.775426917874384,-73.97212874879223,40.7646428164251
403,446,grid26,grid24,1,-73.9815332317881,40.77530726490063,-73.96299167218547,40.766253983443704
404,447,grid26,grid25,1,-73.98167863218387,40.775929568965516,-73.95469091379309,40.767419747126446
405,448,grid26,grid26,1,-73.98249343750005,40.77638751480266,-73.98215505921054,40.77588995065791
406,449,grid26,grid27,1,-73.98187886713285,40.77629231818184,-73.9614477202797,40.7762305174825
407,450,grid26,grid28,1,-73.98199132640951,40.775918685459956,-73.95350277448075,40.776103471810075
408,451,grid26,grid29,1,-73.98219790625004,40.77592245312499,-73.945972765625,40.77744053124999
409,452,grid26,grid3,1,-73.98245391489361,40.775447936170195,-74.01252529787233,40.71585402127659
410,453,grid26,grid30,1,-73.98271318904105,40.7764056849315,-73.98003934794517,40.78490156712329
411,454,grid26,grid31,1,-73.98222772127146,40.7766051772616,-73.97427405501233,40.78664544254282
412,455,grid26,grid32,1,-73.98199999534879,40.77584176279069,-73.95326970232551,40.78453085581396
413,456,grid26,grid33,1,-73.98227572413786,40.77714289655169,-73.97196880459772,40.79498029310344
414,457,grid26,grid34,1,-73.98171651171867,40.776351214843785,-73.96447408984372,40.79623673437502
415,458,grid26,grid35,1,-73.98209935658919,40.77660613178296,-73.96455444961241,40.80489405426358
416,460,grid27,grid1,1,-73.96210989285713,40.77548964285713,-74.01317164285715,40.70543564285714
417,461,grid27,grid12,1,-73.9616674029851,40.77495031343283,-74.00354038805969,40.744682477611946
418,462,grid27,grid13,1,-73.9616959398148,40.7748037222222,-73.9917457453704,40.748177259259265
419,463,grid27,grid14,1,-73.96194229437228,40.77438705627703,-73.9828923073593,40.746459367965336
420,464,grid27,grid15,1,-73.9616862906977,40.77446218604651,-73.97474743023254,40.747547476744174
421,465,grid27,grid16,1,-73.96176288461541,40.77497392307692,-74.0015623076923,40.7567126923077
422,466,grid27,grid17,1,-73.96213261428572,40.774900464285714,-73.99141119999999,40.75587801428567
423,467,grid27,grid18,1,-73.9623986056338,40.77481109389673,-73.9832762816901,40.756651774647914
424,468,grid27,grid19,1,-73.96156066458339,40.774558754166684,-73.97329626041675,40.75687645000002
425,469,grid27,grid20,1,-73.96119561111107,40.7745605493827,-73.96430743827158,40.75709751234568
426,470,grid27,grid21,1,-73.96219411111112,40.775034629629644,-73.99123562962963,40.76417168518518
427,471,grid27,grid22,1,-73.96217680656936,40.775052251824825,-73.98256870072997,40.76595945255474
428,472,grid27,grid23,1,-73.96188573218666,40.775026535626544,-73.97115842260439,40.76365665601968
429,473,grid27,grid24,1,-73.96102555399995,40.77495893600003,-73.96413852000005,40.76599688000002
430,474,grid27,grid25,1,-73.96127256578949,40.774457361842124,-73.95433160526318,40.767991552631564
431,475,grid27,grid26,1,-73.9615848653846,40.77549724230765,-73.98176960384609,40.77603772692309
432,476,grid27,grid27,1,-73.96126780563385,40.775133659154925,-73.96146756901415,40.77565673521127
433,477,grid27,grid28,1,-73.96124147834274,40.77451496421852,-73.95329179849347,40.77674793220336
434,478,grid27,grid29,1,-73.9608970314465,40.77525789308174,-73.9460054842767,40.776790566037704
435,479,grid27,grid3,1,-73.96160308333333,40.77445329166667,-74.01262579166666,40.71631695833333
436,480,grid27,grid30,1,-73.96116767567564,40.77566531531531,-73.98025846846846,40.78425212612614
437,481,grid27,grid31,1,-73.96098398418975,40.77587500395258,-73.97398235968375,40.7858594071146
438,482,grid27,grid32,1,-73.96096876470587,40.77497289324618,-73.95354172766886,40.78447438562091
439,483,grid27,grid33,1,-73.96097364189191,40.776024027027006,-73.97172992567569,40.79538071621621
440,484,grid27,grid34,1,-73.96116668674698,40.77564709638554,-73.96474079518072,40.795439879518064
441,485,grid27,grid35,1,-73.96130881481481,40.775786907407415,-73.96415109259259,40.80516938888888
442,487,grid28,grid1,1,-73.95261837313433,40.77564213432834,-74.0124641044776,40.705930537313435
443,488,grid28,grid12,1,-73.95331528571427,40.77691739795917,-74.00341421428571,40.74482613265307
444,489,grid28,grid13,1,-73.95289821026891,40.77584511491446,-73.99170446210269,40.74818210024451
445,490,grid28,grid14,1,-73.95351066323911,40.77582202313627,-73.9827992904884,40.74607363753217
446,491,grid28,grid15,1,-73.95347539799333,40.77578132775922,-73.97435984280936,40.74661701003347
447,492,grid28,grid16,1,-73.9538073148148,40.775709074074065,-74.00322433333334,40.75559696296295
448,493,grid28,grid17,1,-73.95329577343746,40.775891859375015,-73.99158866796871,40.755214207031244
449,494,grid28,grid18,1,-73.95375727053134,40.77647849275363,-73.98291119323667,40.75639467149758
450,495,grid28,grid19,1,-73.95363173699425,40.775758296242785,-73.97273016618497,40.75582053901733
451,496,grid28,grid20,1,-73.95318531481485,40.77565008201063,-73.9642136402116,40.7577036507936
452,497,grid28,grid21,1,-73.95347993103447,40.776022327586226,-73.99152775862069,40.76501093103448
453,498,grid28,grid22,1,-73.95374029096989,40.77615093645488,-73.98299841137126,40.76622942140465
454,499,grid28,grid23,1,-73.9536486904109,40.776473652054804,-73.97090283287675,40.76403843835619
455,500,grid28,grid24,1,-73.95377796358542,40.77637772455652,-73.9628855387488,40.766078723622805
456,501,grid28,grid25,1,-73.95300431865827,40.77682590985328,-73.95484451362677,40.76774870020963
457,502,grid28,grid26,1,-73.95338567151161,40.776769584302315,-73.98166758139537,40.77604625290697
458,503,grid28,grid27,1,-73.95373515197568,40.776658095744736,-73.9617615653496,40.774870849544065
459,504,grid28,grid28,1,-73.95308750308016,40.776058416837714,-73.9532601858316,40.77608345071864
460,505,grid28,grid29,1,-73.95371066759004,40.77642151523544,-73.9459640498615,40.77677275069252
461,506,grid28,grid3,1,-73.95364824999999,40.775323833333324,-74.01286552083333,40.715916625
462,507,grid28,grid30,1,-73.95354329824568,40.77584815204681,-73.98016365497077,40.784781818713455
463,508,grid28,grid31,1,-73.95394819789472,40.77695558526321,-73.97367458947365,40.78616883368421
464,509,grid28,grid32,1,-73.9538808089006,40.776605738219956,-73.95271964528798,40.7848570418848
465,510,grid28,grid33,1,-73.95387942233008,40.77633476699032,-73.97155165533975,40.79530611650487
466,511,grid28,grid34,1,-73.95412355038758,40.77673047286822,-73.96447328682167,40.79571070542637
467,512,grid28,grid35,1,-73.95415155882355,40.77658960784315,-73.96413497058825,40.80466874509804
468,514,grid29,grid1,1,-73.94654739999999,40.7759252,-74.0134668,40.7056014
469,515,grid29,grid12,1,-73.94632584615384,40.77447792307692,-74.00461038461538,40.74561415384615
470,516,grid29,grid13,1,-73.94652468493153,40.776845095890394,-73.99171416438355,40.74863308219179
471,517,grid29,grid14,1,-73.94646353846154,40.77718956923078,-73.98345149230768,40.74684192307693
472,518,grid29,grid15,1,-73.946476,40.776941836363626,-73.97367118181818,40.746179836363645
473,519,grid29,grid16,1,-73.94689949999999,40.77664818750001,-74.002607375,40.755883562499996
474,520,grid29,grid17,1,-73.9466654736842,40.776329947368424,-73.99113105263156,40.755068868421056
475,521,grid29,grid18,1,-73.94602819642854,40.77704117857143,-73.98246983928571,40.75615473214287
476,522,grid29,grid19,1,-73.94626247199999,40.77610153599997,-73.97295659199996,40.75598577600002
477,523,grid29,grid20,1,-73.94626546575338,40.77663354794521,-73.96261204109591,40.7580052739726
478,524,grid29,grid21,1,-73.94648431249999,40.777447374999994,-73.99064881249998,40.76474412500001
479,525,grid29,grid22,1,-73.94612128846154,40.776423192307675,-73.98312549999997,40.76567975
480,526,grid29,grid23,1,-73.94611334848484,40.776732181818176,-73.97042056060606,40.763991287878795
481,527,grid29,grid24,1,-73.94615134972682,40.77637251366121,-73.96276808196723,40.76658623497266
482,528,grid29,grid25,1,-73.94629780981599,40.77706133742332,-73.95470236809814,40.76704471165643
483,529,grid29,grid26,1,-73.94613315151517,40.77685133333334,-73.98131333333333,40.775896363636356
484,530,grid29,grid27,1,-73.94619104945055,40.77631057692311,-73.96130389010989,40.77488169230769
485,531,grid29,grid28,1,-73.94599831111113,40.77677295185185,-73.9538783888889,40.77672209629629
486,532,grid29,grid29,1,-73.94632036065572,40.77620091803278,-73.94576375409837,40.77649818032786
487,533,grid29,grid3,1,-73.94593907142857,40.776505714285705,-74.01114421428572,40.7171045
488,534,grid29,grid30,1,-73.94638334782607,40.776183260869566,-73.9800137826087,40.784308086956514
489,535,grid29,grid31,1,-73.94633061538461,40.77675218461537,-73.97397312307692,40.78675244615384
490,536,grid29,grid32,1,-73.94613136718748,40.776995109374994,-73.95341629687498,40.784674117187514
491,537,grid29,grid33,1,-73.9463859375,40.77715296875,-73.97186234374996,40.795083406249994
492,538,grid29,grid34,1,-73.9463532962963,40.778015407407416,-73.96435685185185,40.79536755555556
493,539,grid29,grid35,1,-73.9464760869565,40.776521695652164,-73.96350569565219,40.80530926086958
494,541,grid3,grid1,1,-74.01199898618786,40.7158225248619,-74.01366280110489,40.706276646408845
495,542,grid3,grid12,1,-74.01188274774776,40.71574822522523,-74.00507668468465,40.74459459459458
496,543,grid3,grid13,1,-74.01205017222217,40.715358833333376,-73.99274288888887,40.74731359722218
497,544,grid3,grid14,1,-74.01152369863017,40.71528731506849,-73.98321591780822,40.74622441780822
498,545,grid3,grid15,1,-74.01193948333335,40.716255833333335,-73.97423998333329,40.74690161666667
499,546,grid3,grid16,1,-74.01225100000002,40.714854375000016,-74.003689671875,40.75595540624999
500,547,grid3,grid17,1,-74.01235766666666,40.7149218888889,-73.9924212962963,40.75656000462962
501,548,grid3,grid18,1,-74.01166012953367,40.714824808290146,-73.98376811917093,40.75673810880827
502,549,grid3,grid19,1,-74.01223717999997,40.71508774666667,-73.97403016666661,40.75543583333333
503,550,grid3,grid20,1,-74.0124468222222,40.71590293333333,-73.9640497111111,40.757220733333334
504,551,grid3,grid21,1,-74.01206137837838,40.715568418918934,-73.99263108108111,40.76499391891891
505,552,grid3,grid22,1,-74.01254905472638,40.71494767164178,-73.98296238805972,40.76487711442786
506,553,grid3,grid23,1,-74.0111191904762,40.71533571428572,-73.97365626984126,40.76441434920635
507,554,grid3,grid24,1,-74.01195945833334,40.715134229166665,-73.9625560833333,40.7657266875
508,555,grid3,grid25,1,-74.012574,40.715721485714276,-73.95404951428571,40.76781948571428
509,556,grid3,grid26,1,-74.01201763636365,40.71605089393938,-73.98282703030304,40.77530036363636
510,557,grid3,grid27,1,-74.01217152631578,40.71555260526317,-73.96183063157896,40.77582931578947
511,558,grid3,grid28,1,-74.01202090566038,40.715473981132085,-73.95284090566038,40.77445003773585
512,559,grid3,grid29,1,-74.01134499999999,40.71671161538461,-73.94658569230768,40.776931999999995
513,560,grid3,grid3,1,-74.01198850191575,40.7157629118774,-74.01197619157092,40.71539157854406
514,561,grid3,grid30,1,-74.01157405263156,40.715100105263154,-73.98061857894737,40.78436263157895
515,562,grid3,grid31,1,-74.01175094444443,40.71627369444444,-73.97402994444444,40.78553244444444
516,563,grid3,grid32,1,-74.0124397777778,40.71650655555557,-73.95322522222222,40.78491016666667
517,564,grid3,grid33,1,-74.01145536842103,40.71595863157895,-73.97205084210526,40.79495663157895
518,565,grid3,grid34,1,-74.01176111764704,40.7163378235294,-73.96290823529412,40.796399
519,566,grid3,grid35,1,-74.01317033333335,40.7160635,-73.96500916666666,40.804897000000004
520,568,grid30,grid1,1,-73.97958475,40.784398374999995,-74.01242512500001,40.7063366875
521,569,grid30,grid12,1,-73.98038714754098,40.78416244262295,-74.00455696721312,40.74534698360657
522,570,grid30,grid13,1,-73.98007078301886,40.78414379245284,-73.99312658490568,40.748420509433956
523,571,grid30,grid14,1,-73.98023676470586,40.78424578431371,-73.98312856862745,40.746024999999996
524,572,grid30,grid15,1,-73.98052338095238,40.783932428571426,-73.97399095238094,40.74639761904761
525,573,grid30,grid16,1,-73.98075652777776,40.78391530555556,-74.00281030555556,40.75591508333334
526,574,grid30,grid17,1,-73.98021388181819,40.784083354545444,-73.99222529090913,40.75624267272726
527,575,grid30,grid18,1,-73.98018002469134,40.7839627160494,-73.9834435061728,40.75677330864197
528,576,grid30,grid19,1,-73.97967595555552,40.78402831111111,-73.97414986666666,40.7560226
529,577,grid30,grid20,1,-73.97981928571427,40.78412828571428,-73.96563410714285,40.75702053571429
530,578,grid30,grid21,1,-73.98036291452989,40.783816803418816,-73.99190194017093,40.76514153846151
531,579,grid30,grid22,1,-73.9800630034483,40.784086631034484,-73.98284059655172,40.766315827586226
532,580,grid30,grid23,1,-73.98021054098358,40.78360281967214,-73.97251295081968,40.76435877049181
533,581,grid30,grid24,1,-73.97978405882353,40.78384581176469,-73.96306999999999,40.766510600000004
534,582,grid30,grid25,1,-73.97972485999999,40.78368372,-73.95417392000002,40.7677269
535,583,grid30,grid26,1,-73.97974243294118,40.78453924,-73.98241040941177,40.776421988235285
536,584,grid30,grid27,1,-73.97994108724826,40.78384898657719,-73.96171951677852,40.776431812080546
537,585,grid30,grid28,1,-73.97991791379306,40.78382598275861,-73.95366409195407,40.77582603448276
538,586,grid30,grid29,1,-73.9799728,40.78379071999999,-73.94639115999999,40.77680307999999
539,587,grid30,grid3,1,-73.97959395,40.784621550000004,-74.01265590000001,40.715281649999994
540,588,grid30,grid30,1,-73.98039640506329,40.78404006329113,-73.98023378481011,40.78579093037975
541,589,grid30,grid31,1,-73.9801758523985,40.78328705535057,-73.9737149298893,40.787223372693724
542,590,grid30,grid32,1,-73.97985560638294,40.784109074468084,-73.95306453191488,40.7845284042553
543,591,grid30,grid33,1,-73.97989124129357,40.78383411940298,-73.97173936567162,40.79571566169155
544,592,grid30,grid34,1,-73.97981585833332,40.783742591666666,-73.96512764166665,40.796675524999976
545,593,grid30,grid35,1,-73.97966362921346,40.783619915730334,-73.96434366853931,40.805020123595476
546,595,grid31,grid1,1,-73.97440479166667,40.786013999999994,-74.01210224999998,40.705412375
547,596,grid31,grid12,1,-73.97428695180726,40.786380313253005,-74.00380838554211,40.74470031325301
548,597,grid31,grid13,1,-73.97351611560696,40.786046658959535,-73.99261258959541,40.74770833526012
549,598,grid31,grid14,1,-73.9737639313725,40.78583050980393,-73.98268631372552,40.74602722549021
550,599,grid31,grid15,1,-73.97473960869563,40.78592002173914,-73.97459093478263,40.74715336956522
551,600,grid31,grid16,1,-73.97440134090908,40.786381659090914,-74.00208727272728,40.75622088636365
552,601,grid31,grid17,1,-73.97380619879516,40.78602725301204,-73.99280555421689,40.75660701807228
553,602,grid31,grid18,1,-73.97402639864863,40.78553609459458,-73.98359702702706,40.756768277027035
554,603,grid31,grid19,1,-73.97412277777777,40.785684765432116,-73.97316201234574,40.755760395061735
555,604,grid31,grid20,1,-73.97394681355932,40.78620296610171,-73.96492701694913,40.75738961016949
556,605,grid31,grid21,1,-73.97434270000001,40.785956975000005,-73.9912096,40.76484261666667
557,606,grid31,grid22,1,-73.97387879433953,40.78596409245285,-73.98284692452832,40.76629694339622
558,607,grid31,grid23,1,-73.97382910091746,40.7859910825688,-73.97121666972475,40.764536422018345
559,608,grid31,grid24,1,-73.97376926540284,40.78589827014218,-73.96352627962087,40.766109521327
560,609,grid31,grid25,1,-73.97414194495413,40.785713155963315,-73.95468864220182,40.76788809174312
561,610,grid31,grid26,1,-73.97402770882735,40.7866106916996,-73.98156738603421,40.77643446376815
562,611,grid31,grid27,1,-73.9736226363636,40.785859045454536,-73.96163498128345,40.77706114438502
563,612,grid31,grid28,1,-73.97374939120877,40.78594160439558,-73.95367748791206,40.77675840439564
564,613,grid31,grid29,1,-73.97400339506171,40.786705333333316,-73.94634081481477,40.77691327160493
565,614,grid31,grid3,1,-73.97423906666663,40.78561669999999,-74.01241523333333,40.71631186666668
566,615,grid31,grid30,1,-73.97434382375471,40.78753557854403,-73.98053251724141,40.78388966666669
567,616,grid31,grid31,1,-73.97370606629833,40.7868411519337,-73.97369361049722,40.786197378453046
568,617,grid31,grid32,1,-73.97375365991904,40.78628753846151,-73.95314432793523,40.7847940242915
569,618,grid31,grid33,1,-73.97506212670565,40.78672115009744,-73.97132062183233,40.795786130604334
570,619,grid31,grid34,1,-73.97405731671553,40.78648633724342,-73.9644820498533,40.79654376539591
571,620,grid31,grid35,1,-73.97524732903229,40.78711174838707,-73.96415871612898,40.80480646129026
572,622,grid32,grid1,1,-73.95298088888889,40.78400616666667,-74.01239988888887,40.70527394444446
573,623,grid32,grid12,1,-73.95275585714286,40.78421116071429,-74.00414028571426,40.74539417857144
574,624,grid32,grid13,1,-73.95251524374993,40.7839122875,-73.99233374999999,40.74799455624999
575,625,grid32,grid14,1,-73.95251572656245,40.78421517968751,-73.98302281249995,40.746442249999994
576,626,grid32,grid15,1,-73.95164854411769,40.78413630882353,-73.97449727941174,40.747114352941175
577,627,grid32,grid16,1,-73.95174364285715,40.783316000000006,-74.00364939285714,40.75581825
578,628,grid32,grid17,1,-73.95236271287128,40.78449463366339,-73.99138635643565,40.75572396039605
579,629,grid32,grid18,1,-73.95268573214285,40.78440900000004,-73.98309648214286,40.75608691964286
580,630,grid32,grid19,1,-73.95273873800738,40.78422534686349,-73.97298543542436,40.756493398524
581,631,grid32,grid20,1,-73.95284733636363,40.783715609090905,-73.9638606181818,40.75784313636364
582,632,grid32,grid21,1,-73.95185379310345,40.78524351724137,-73.99217068965517,40.76539382758621
583,633,grid32,grid22,1,-73.95301598675496,40.78439309933775,-73.98292531788083,40.766699013245024
584,634,grid32,grid23,1,-73.95346900462965,40.78418576851851,-73.97089332870371,40.76386624074074
585,635,grid32,grid24,1,-73.95293998734178,40.78409675949366,-73.9634522658228,40.76676633924047
586,636,grid32,grid25,1,-73.95175652380954,40.78402963492065,-73.95491546031742,40.767670111111116
587,637,grid32,grid26,1,-73.95329316763005,40.7842100982659,-73.9816883468208,40.775739219653175
588,638,grid32,grid27,1,-73.95334771397847,40.78412136344086,-73.96140735483864,40.77478613548388
589,639,grid32,grid28,1,-73.9524213278084,40.78458023941068,-73.95386912154693,40.77637248250462
590,640,grid32,grid29,1,-73.95346306428573,40.7846289857143,-73.94580899285711,40.77665873571428
591,641,grid32,grid3,1,-73.95402444444443,40.78387744444444,-74.01279155555555,40.715429666666665
592,642,grid32,grid30,1,-73.95284655813953,40.78440663953488,-73.98046780232555,40.78474309302325
593,643,grid32,grid31,1,-73.95279634031414,40.784621340314146,-73.97393145549735,40.78647099476439
594,644,grid32,grid32,1,-73.95315976250001,40.78471061875006,-73.95334756875005,40.78526928750006
595,645,grid32,grid33,1,-73.95340175842698,40.78522588202247,-73.97139041011236,40.79529181460672
596,646,grid32,grid34,1,-73.9528653333333,40.785395622807,-73.96473681578948,40.794516771929814
597,647,grid32,grid35,1,-73.95298884615387,40.78532338461539,-73.96403246153845,40.80421015384615
598,649,grid33,grid1,1,-73.97269685714286,40.79343478571428,-74.0123417857143,40.707187285714284
599,650,grid33,grid12,1,-73.97169913953488,40.795900372093016,-74.00378581395348,40.745433930232565
600,651,grid33,grid13,1,-73.97146562765955,40.79534621276596,-73.9932408297872,40.74792706382979
601,652,grid33,grid14,1,-73.9714146981132,40.79549935849057,-73.98258660377357,40.74563018867924
602,653,grid33,grid15,1,-73.9718772,40.79541656,-73.97491292,40.745555280000005
603,654,grid33,grid16,1,-73.9717949736842,40.79566471052632,-74.00255097368421,40.75519755263158
604,655,grid33,grid17,1,-73.97147966379312,40.795421568965516,-73.99220356034483,40.7567178534483
605,656,grid33,grid18,1,-73.97143662790697,40.795422372093036,-73.98357165116278,40.75735467441861
606,657,grid33,grid19,1,-73.9720612771084,40.79475550602409,-73.97340581927713,40.7561198192771
607,658,grid33,grid20,1,-73.97155293548387,40.79498077419354,-73.96501261290321,40.756862999999996
608,659,grid33,grid21,1,-73.97186906976745,40.79552732558139,-73.99206906976747,40.765183069767446
609,660,grid33,grid22,1,-73.97144105622488,40.795272305220884,-73.98311227309239,40.76647422891565
610,661,grid33,grid23,1,-73.9718864057971,40.79500952173916,-73.97194433333335,40.76448914492754
611,662,grid33,grid24,1,-73.9713979357798,40.79556500917432,-73.96350727522933,40.76690159633027
612,663,grid33,grid25,1,-73.97147958536586,40.79502834146342,-73.95489397560975,40.76742941463414
613,664,grid33,grid26,1,-73.97140285029943,40.79555957684628,-73.98198770259476,40.776968331337365
614,665,grid33,grid27,1,-73.9717780141844,40.794746744680836,-73.96134140425528,40.77610987234043
615,666,grid33,grid28,1,-73.97145619774008,40.795052344632765,-73.95365236723163,40.77630786440677
616,667,grid33,grid29,1,-73.97107327500001,40.795428075,-73.94573930000001,40.777515775000005
617,668,grid33,grid3,1,-73.97186305263158,40.79569689473683,-74.0128329473684,40.71581431578947
618,669,grid33,grid30,1,-73.97169064390239,40.79559105853661,-73.98042207560971,40.78394188536583
619,670,grid33,grid31,1,-73.97124776327435,40.7957778915929,-73.97446309734518,40.786628488938064
620,671,grid33,grid32,1,-73.97138473762377,40.79506147029703,-73.95291674752472,40.78536072277229
621,672,grid33,grid33,1,-73.97147766876964,40.795765504731875,-73.97174858359614,40.79557717034703
622,673,grid33,grid34,1,-73.97151074146342,40.7946225414634,-73.96419829756097,40.79697994146342
623,674,grid33,grid35,1,-73.97158399195173,40.794710366197215,-73.96395557947689,40.80583759154932
624,676,grid34,grid1,1,-73.96458214285714,40.79477628571429,-74.01100014285713,40.70577657142858
625,677,grid34,grid12,1,-73.96442522222223,40.796471888888895,-74.00350837037037,40.74539333333333
626,678,grid34,grid13,1,-73.96461396363635,40.79576725454546,-73.99282038181816,40.74751872727273
627,679,grid34,grid14,1,-73.96420275675675,40.795362459459454,-73.9829652162162,40.74633472972973
628,680,grid34,grid15,1,-73.96447815789475,40.79532536842105,-73.97508278947367,40.745800157894735
629,681,grid34,grid16,1,-73.96388466666666,40.79624966666667,-74.00356572222222,40.75531438888889
630,682,grid34,grid17,1,-73.96384486666668,40.79642188333333,-73.99174715000001,40.75611213333333
631,683,grid34,grid18,1,-73.96456666666668,40.79540176190475,-73.98349038095236,40.756567499999996
632,684,grid34,grid19,1,-73.96430055555557,40.79519494444445,-73.97301303703703,40.75700624074074
633,685,grid34,grid20,1,-73.96333628571426,40.796332714285704,-73.96404590476192,40.75771257142858
634,686,grid34,grid21,1,-73.96418750000001,40.79615255,-73.990927175,40.76410299999999
635,687,grid34,grid22,1,-73.96418488965517,40.79558048275861,-73.98256864827584,40.766603110344825
636,688,grid34,grid23,1,-73.96501285714284,40.79441292857143,-73.97015564285714,40.76498910714285
637,689,grid34,grid24,1,-73.96431087500002,40.795142546875006,-73.96310904687499,40.76627959375
638,690,grid34,grid25,1,-73.9652640967742,40.79388074193548,-73.95493229032259,40.76784432258064
639,691,grid34,grid26,1,-73.96471569456061,40.79559509623432,-73.98163756485354,40.77602722175731
640,692,grid34,grid27,1,-73.96498524719098,40.79491680898875,-73.96156650561797,40.77599806741572
641,693,grid34,grid28,1,-73.96435793814432,40.795171257731944,-73.95396172164948,40.777118804123724
642,694,grid34,grid29,1,-73.96580836363637,40.79339636363636,-73.94562209090908,40.77823786363637
643,695,grid34,grid3,1,-73.96432974999999,40.795143625,-74.01340149999999,40.71418175
644,696,grid34,grid30,1,-73.96517809401706,40.7948937008547,-73.97999811965812,40.784319119658136
645,697,grid34,grid31,1,-73.96490322955147,40.79567115039575,-73.97381551187325,40.78641508707125
646,698,grid34,grid32,1,-73.96480558219179,40.794470520547954,-73.95290178767122,40.785554561643835
647,699,grid34,grid33,1,-73.96428078985511,40.79589707246375,-73.97175924637682,40.79483714492754
648,700,grid34,grid34,1,-73.96437769565216,40.79618134782607,-73.96378487826085,40.79631346086956
649,701,grid34,grid35,1,-73.96466785593215,40.796472110169475,-73.9635281016949,40.80510993220337
650,703,grid35,grid1,1,-73.96450115384616,40.80521099999999,-74.01237592307692,40.707071
651,704,grid35,grid12,1,-73.96525913793101,40.80507527586208,-74.0038172413793,40.744963862068964
652,705,grid35,grid13,1,-73.96504601020409,40.80538707142857,-73.99267423469388,40.748913561224484
653,706,grid35,grid14,1,-73.9654,40.804774305555554,-73.98378633333333,40.74627822222221
654,707,grid35,grid15,1,-73.96517749999998,40.80572235714286,-73.97204942857142,40.74822807142857
655,708,grid35,grid16,1,-73.96514013333334,40.80465843333334,-74.00311976666666,40.7561912
656,709,grid35,grid17,1,-73.96486064000004,40.80570867,-73.99242023000001,40.75616913000001
657,710,grid35,grid18,1,-73.9651975,40.80553492592593,-73.98374959259257,40.75690966666667
658,711,grid35,grid19,1,-73.9648992,40.80543,-73.97350072500001,40.75574834999999
659,712,grid35,grid20,1,-73.96588322222222,40.80485944444444,-73.96520933333333,40.756621888888894
660,713,grid35,grid21,1,-73.96485990243899,40.80499609756098,-73.99072448780487,40.76594763414634
661,714,grid35,grid22,1,-73.96515783040937,40.80509033918131,-73.98317453216376,40.7668316491228
662,715,grid35,grid23,1,-73.96589860714285,40.80424939285714,-73.97228946428572,40.76393664285714
663,716,grid35,grid24,1,-73.96481978431373,40.80536452941175,-73.96321629411766,40.76655962745099
664,717,grid35,grid25,1,-73.96380046666667,40.8051366,-73.95411489999998,40.767309899999994
665,718,grid35,grid26,1,-73.96539498387098,40.80477966532257,-73.9821560282258,40.77697636693551
666,719,grid35,grid27,1,-73.96452487272728,40.80456852727273,-73.96146565454545,40.77658305454545
667,720,grid35,grid28,1,-73.96491679710144,40.8045389710145,-73.95322237681161,40.776771115942026
668,721,grid35,grid29,1,-73.96524407142854,40.80505921428571,-73.94576157142855,40.77671185714285
669,722,grid35,grid3,1,-73.96612842857142,40.80409828571429,-74.01153685714284,40.71395585714286
670,723,grid35,grid30,1,-73.96528232484076,40.805043993630555,-73.98036122929936,40.78399846496817
671,724,grid35,grid31,1,-73.964968185654,40.80464308860764,-73.9747933459916,40.786991852320675
672,725,grid35,grid32,1,-73.96475906557376,40.80476906557378,-73.9528435081967,40.78544196721311
673,726,grid35,grid33,1,-73.96516083999995,40.805494826666674,-73.97168483199995,40.795112957333366
674,727,grid35,grid34,1,-73.96401822093019,40.80528588372093,-73.96396024418604,40.79690127906977
675,728,grid35,grid35,1,-73.96377454901958,40.80498126470587,-73.9634274117647,40.80577116666665
