,pickup,pickdown,frequency,Pickup_longitude,Pickup_latitude,Dropoff_longitude,Dropoff_latitude
0,grid1,grid1,245,-74.01325346530606,40.70689581224491,-74.0131255183673,40.70641567755103
1,grid1,grid12,152,-74.01326488157895,40.70710607894737,-74.00497876315791,40.74399829605263
2,grid1,grid13,310,-74.01276559677417,40.707316322580674,-73.99257520967741,40.74757396129033
3,grid1,grid14,168,-74.01261661904762,40.70644967857142,-73.98344191666666,40.74632815476192
4,grid1,grid15,99,-74.01260060606063,40.70618648484847,-73.9738478383838,40.74660592929293
5,grid1,grid16,69,-74.0132879275362,40.7067518115942,-74.00291204347823,40.7558815942029
6,grid1,grid17,169,-74.0132368816568,40.70656516568047,-73.9919461775148,40.755874828402355
7,grid1,grid18,247,-74.01273333603241,40.70686111740893,-73.98384904453438,40.75715012955468
8,grid1,grid19,190,-74.01252335789476,40.70629683684211,-73.97430104210524,40.75463443684214
9,grid1,grid20,42,-74.01229988095238,40.706521714285714,-73.96403866666667,40.757172714285716
10,grid1,grid21,67,-74.01238079104478,40.70624323880599,-73.99301634328356,40.764967686567175
11,grid1,grid22,184,-74.01321702173911,40.706719217391296,-73.98268314673909,40.76480682065215
12,grid1,grid23,86,-74.01222522093022,40.70616122093022,-73.97319647674415,40.76390877906978
13,grid1,grid24,55,-74.01193769090911,40.70588594545455,-73.96286412727272,40.76507536363636
14,grid1,grid25,26,-74.012824,40.706006,-73.95476238461539,40.767719000000014
15,grid1,grid26,41,-74.01269817073174,40.70670807317072,-73.9824878536585,40.77515180487804
16,grid1,grid27,27,-74.01361051851853,40.705553592592594,-73.9620344074074,40.77429822222224
17,grid1,grid28,54,-74.0123493333333,40.70613246296297,-73.9529742962963,40.775709703703704
18,grid1,grid29,9,-74.01249788888887,40.70642722222223,-73.94586600000001,40.777209777777784
19,grid1,grid3,320,-74.01355183749993,40.706616415625035,-74.01214558437503,40.716204300000015
20,grid1,grid30,18,-74.01197066666667,40.706192888888886,-73.98008738888889,40.784780277777784
21,grid1,grid31,22,-74.01404218181818,40.70665150000001,-73.97506686363636,40.7855395
22,grid1,grid32,19,-74.01082710526316,40.70588521052632,-73.95299115789472,40.785392105263156
23,grid1,grid33,13,-74.01249730769231,40.70671930769231,-73.97157046153846,40.795758000000006
24,grid1,grid34,9,-74.0121683333333,40.705536111111115,-73.96482566666666,40.79646866666667
25,grid1,grid35,10,-74.0110831,40.70632310000001,-73.9631903,40.805732000000006
26,grid12,grid1,233,-74.00445328755366,40.74427313304723,-74.01315610300429,40.70684118454936
27,grid12,grid12,641,-74.00296812948518,40.74559347581903,-74.00367908892348,40.74508208424333
28,grid12,grid13,914,-74.00347015754924,40.74511479868708,-73.99300767505467,40.74674350765865
29,grid12,grid14,537,-74.00339970391069,40.74482493109867,-73.98314440968349,40.746064474860354
30,grid12,grid15,207,-74.0035179082126,40.744683289855054,-73.97450653140099,40.74696536714975
31,grid12,grid16,242,-74.0029655454545,40.74462001239669,-74.00214535950413,40.75514959090907
32,grid12,grid17,794,-74.00305988035267,40.74485291057932,-73.99305408312344,40.75657671158692
33,grid12,grid18,511,-74.00320810958901,40.74461355968687,-73.98340641095896,40.75597810567514
34,grid12,grid19,293,-74.00355109897613,40.744678914675774,-73.97293333105797,40.75557495221841
35,grid12,grid20,130,-74.00375502307689,40.74481206153847,-73.96526960769228,40.757230776923045
36,grid12,grid21,458,-74.00332715938866,40.74540724890829,-73.99196779257639,40.76473110043671
37,grid12,grid22,645,-74.00316330852715,40.744712947286814,-73.9836386093023,40.765487635658936
38,grid12,grid23,169,-74.0040784792899,40.74426828402367,-73.97292269230769,40.764013579881656
39,grid12,grid24,162,-74.0039233333333,40.74438190123456,-73.96247043209873,40.7657644197531
40,grid12,grid25,88,-74.0033471818182,40.74429279545455,-73.9545550227273,40.7678921590909
41,grid12,grid26,265,-74.00382924150945,40.74532849056604,-73.98240019245276,40.77569854339621
42,grid12,grid27,83,-74.00316454216866,40.74514587951809,-73.9619155783133,40.775544891566284
43,grid12,grid28,167,-74.00373256886229,40.74472482634726,-73.95252582035933,40.77597034131737
44,grid12,grid29,43,-74.00416744186046,40.744974418604656,-73.94653658139534,40.77625758139534
45,grid12,grid3,217,-74.00448846543779,40.74462665437789,-74.01230821198158,40.71564058064518
46,grid12,grid30,79,-74.00391177215191,40.74548283544304,-73.98037610126586,40.78445649367088
47,grid12,grid31,120,-74.00377830000005,40.745334591666655,-73.97465709166667,40.78636956666665
48,grid12,grid32,102,-74.00389090196079,40.74525774509804,-73.95211757843136,40.78468330392158
49,grid12,grid33,101,-74.00385655445541,40.74519507920794,-73.97136596039603,40.795442762376226
50,grid12,grid34,56,-74.00329423214284,40.74567792857143,-73.96398703571427,40.79618848214288
51,grid12,grid35,47,-74.0041940212766,40.7447404893617,-73.96417953191491,40.80455876595745
52,grid13,grid1,390,-73.99217722564102,40.747128520512796,-74.01321347692307,40.706784325641024
53,grid13,grid12,773,-73.99290561966373,40.74580491332472,-74.0036658602846,40.745308381630004
54,grid13,grid13,1101,-73.99254459673034,40.74568117529511,-73.99235230336065,40.7466704995459
55,grid13,grid14,1082,-73.99219579759705,40.7469314787431,-73.98237921256931,40.74563112476894
56,grid13,grid15,621,-73.99179002254427,40.74746799677939,-73.97469797584544,40.74668282447662
57,grid13,grid16,381,-73.99231532545923,40.746943692913376,-74.002152503937,40.75540966141735
58,grid13,grid17,993,-73.99249090433034,40.74655399093649,-73.99217628600186,40.75669933232623
59,grid13,grid18,1258,-73.99182625516677,40.746927877583474,-73.98295908346572,40.75594526788554
60,grid13,grid19,755,-73.99184159999993,40.747514324503314,-73.97317061986756,40.75546538543042
61,grid13,grid20,272,-73.99182078676469,40.74699748161768,-73.96473735661766,40.75736552205882
62,grid13,grid21,495,-73.99251719393942,40.746984355555576,-73.99260006060612,40.76501109494949
63,grid13,grid22,1102,-73.99194943194196,40.74733617332127,-73.98260519600737,40.76472075226852
64,grid13,grid23,438,-73.99162988356169,40.74693935388133,-73.97403173059357,40.76419716894976
65,grid13,grid24,384,-73.99209190885416,40.74774979427081,-73.96243612760411,40.765725656250034
66,grid13,grid25,269,-73.99176613754645,40.74789937918216,-73.95475667286247,40.76761733085504
67,grid13,grid26,328,-73.99263114939025,40.74692372256097,-73.98222327439022,40.77533672865854
68,grid13,grid27,238,-73.992012789916,40.747924537815145,-73.96147149159663,40.77559709243695
69,grid13,grid28,526,-73.991991431559,40.74794480988593,-73.95298687642592,40.775875944866904
70,grid13,grid29,108,-73.99180069444444,40.747619722222225,-73.9466271851852,40.77676483333335
71,grid13,grid3,296,-73.99274329054056,40.74669335135134,-74.01233493581084,40.71546785810811
72,grid13,grid30,108,-73.99277473148143,40.74719151851853,-73.98037024999998,40.78438339814813
73,grid13,grid31,213,-73.99275578873238,40.746900075117395,-73.9739144460094,40.78615396713615
74,grid13,grid32,260,-73.9920966153846,40.74769229230766,-73.95215889230765,40.78474899615382
75,grid13,grid33,147,-73.99215943537412,40.74700694557824,-73.9720489931972,40.79518198639454
76,grid13,grid34,94,-73.99241969148932,40.74705084042552,-73.96436979787231,40.79678324468085
77,grid13,grid35,100,-73.99192029999998,40.74744823,-73.96401029,40.805378190000006
78,grid14,grid1,283,-73.98389005300355,40.746293685512335,-74.0128546537102,40.706620409894015
79,grid14,grid12,412,-73.9837811019418,40.745745223300965,-74.0037180024272,40.744416470873816
80,grid14,grid13,934,-73.98250703854383,40.7452952259101,-73.99204140685221,40.74720427087802
81,grid14,grid14,872,-73.98305259403664,40.74591924541284,-73.9829765022936,40.7462609311926
82,grid14,grid15,421,-73.98298256057001,40.745615384798064,-73.97449135154397,40.747181199524924
83,grid14,grid16,196,-73.9832691989796,40.74642782142858,-74.00223347448981,40.755857076530624
84,grid14,grid17,748,-73.98336778743321,40.74631181818177,-73.99204680481284,40.75619175534762
85,grid14,grid18,893,-73.98424391489358,40.746429052631605,-73.98291371668532,40.7560076450168
86,grid14,grid19,1035,-73.98244091980673,40.745675505314004,-73.97299086859908,40.755682011594274
87,grid14,grid20,345,-73.98246670724636,40.74565550724639,-73.96504828985509,40.75736826666668
88,grid14,grid21,274,-73.98394806569338,40.7470621058394,-73.99239976642343,40.76430571897807
89,grid14,grid22,706,-73.98403772946185,40.746567797450425,-73.98274948016993,40.764525073654376
90,grid14,grid23,552,-73.98301215036241,40.74667839492759,-73.97255048913044,40.76374987137682
91,grid14,grid24,492,-73.98200454878052,40.74570448577238,-73.96316646341467,40.76570229471547
92,grid14,grid25,189,-73.98242125396825,40.74576683068781,-73.95467549735444,40.76789338624338
93,grid14,grid26,202,-73.98316747524754,40.746107871287144,-73.98209810891088,40.77554844554455
94,grid14,grid27,271,-73.98242217712183,40.74624246125461,-73.96151312546128,40.774933904059054
95,grid14,grid28,494,-73.98253953238873,40.74557556477736,-73.95330406072873,40.776110854250994
96,grid14,grid29,57,-73.9828114385965,40.745647578947356,-73.9465262105263,40.77753601754385
97,grid14,grid3,152,-73.98335092763162,40.74573899342107,-74.011884381579,40.71560946710525
98,grid14,grid30,55,-73.98404514545453,40.746390963636365,-73.98040507272727,40.78401281818181
99,grid14,grid31,151,-73.98281292715231,40.745913993377464,-73.97375904635763,40.785976622516536
100,grid14,grid32,219,-73.98256823287673,40.74607221917807,-73.95224245205473,40.78461519634704
101,grid14,grid33,82,-73.98350074390241,40.74654224390243,-73.97199142682923,40.79532229268294
102,grid14,grid34,56,-73.9835215892857,40.74590558928571,-73.96414041071428,40.795148339285724
103,grid14,grid35,51,-73.98378850980393,40.74629464705881,-73.96369449019608,40.80448117647058
104,grid15,grid1,127,-73.97478109448821,40.74704979527559,-74.01281276377958,40.705355448818885
105,grid15,grid12,173,-73.97502654913296,40.74677501156068,-74.00325858959536,40.74492381502889
106,grid15,grid13,522,-73.97462769923371,40.7470919137931,-73.99190983333331,40.74784180651341
107,grid15,grid14,461,-73.97479458134487,40.747027503253825,-73.98334636225599,40.74603971366592
108,grid15,grid15,349,-73.97489927507166,40.74716844412612,-73.97483901719205,40.74691581948428
109,grid15,grid16,67,-73.97463056716417,40.74746770149254,-74.00248556716417,40.75624595522388
110,grid15,grid17,309,-73.97482395469251,40.74768912297731,-73.99152011003238,40.75584800647244
111,grid15,grid18,267,-73.97464650561797,40.747895370786544,-73.98399038951304,40.75643764044946
112,grid15,grid19,496,-73.97478272782253,40.7467301391129,-73.97272902620962,40.75554553830643
113,grid15,grid20,333,-73.97429022222222,40.74616216816814,-73.96450875375369,40.75742567867866
114,grid15,grid21,71,-73.97459647887321,40.74726836619718,-73.99242973239436,40.76461222535211
115,grid15,grid22,228,-73.97462505701756,40.74785896052629,-73.98296664473682,40.7646559517544
116,grid15,grid23,187,-73.97459675935828,40.747325700534745,-73.97181740641706,40.76381043315509
117,grid15,grid24,345,-73.97453492173909,40.74692211594205,-73.96273488115936,40.764725423188416
118,grid15,grid25,189,-73.97398361904759,40.7466908042328,-73.95492937037034,40.767859883597865
119,grid15,grid26,77,-73.97431511688309,40.74743387012987,-73.98160849350649,40.775618077922076
120,grid15,grid27,106,-73.97458283018868,40.7479047264151,-73.9616905,40.77462270754715
121,grid15,grid28,345,-73.97451184057965,40.747155713043476,-73.95285533913042,40.77584478840582
122,grid15,grid29,70,-73.9739102571428,40.74701758571429,-73.94646072857141,40.77751102857143
123,grid15,grid3,79,-73.974824,40.7476178227848,-74.01195978481012,40.716494772151904
124,grid15,grid30,26,-73.97516761538459,40.74781134615385,-73.98062769230769,40.784768692307686
125,grid15,grid31,64,-73.975043875,40.74671154687501,-73.97381446874998,40.78594053124999
126,grid15,grid32,112,-73.97501950892854,40.746556580357144,-73.95162566964291,40.784179205357155
127,grid15,grid33,40,-73.97487810000003,40.74740527499999,-73.9719853,40.79482145
128,grid15,grid34,25,-73.97486947999998,40.74751268,-73.96427075999998,40.79630587999999
129,grid15,grid35,13,-73.97391715384616,40.74804669230769,-73.9650342307692,40.804619461538465
130,grid16,grid1,63,-74.0025907142857,40.756213047619035,-74.01397,40.70685303174604
131,grid16,grid12,168,-74.00181186309524,40.75590439285713,-74.0035664761905,40.74440655357143
132,grid16,grid13,198,-74.0021590555556,40.75552463131311,-73.99270592929292,40.74702632323232
133,grid16,grid14,114,-74.00190600877197,40.75529233333332,-73.9836207105263,40.74614019298245
134,grid16,grid15,44,-74.00181240909095,40.7549244090909,-73.97417159090908,40.74710788636364
135,grid16,grid16,84,-74.0010809047619,40.75609578571429,-74.00244426190474,40.7554725357143
136,grid16,grid17,184,-74.00177094021744,40.75574633695653,-73.99260938043481,40.75624950543477
137,grid16,grid18,127,-74.00163254330705,40.75669780314962,-73.98353819685035,40.7560541417323
138,grid16,grid19,66,-74.00219525757576,40.75564421212118,-73.97309059090908,40.755989242424256
139,grid16,grid20,33,-74.00152836363638,40.755252939393934,-73.96472554545451,40.7574586060606
140,grid16,grid21,131,-74.00104896183207,40.754879396946585,-73.99198048854957,40.76475916030536
141,grid16,grid22,178,-74.00167883707869,40.755832747191036,-73.98342773033704,40.76510109550561
142,grid16,grid23,29,-74.0012815862069,40.755164862068966,-73.97340024137931,40.76389841379311
143,grid16,grid24,26,-74.00115915384616,40.7556865,-73.9637243076923,40.76592984615385
144,grid16,grid25,18,-74.00319544444444,40.755339000000006,-73.955247,40.76793311111111
145,grid16,grid26,86,-74.00123566279072,40.75555130232559,-73.98236924418603,40.7757421744186
146,grid16,grid27,20,-74.00197325,40.7561594,-73.9616724,40.77656969999999
147,grid16,grid28,51,-74.00239423529409,40.754733431372536,-73.95337519607841,40.775721999999995
148,grid16,grid29,6,-74.00111699999998,40.75540083333333,-73.94663733333333,40.777021000000005
149,grid16,grid3,64,-74.00209596874997,40.755993921875024,-74.01199309375002,40.71611365625001
150,grid16,grid30,38,-74.0027802368421,40.75511152631579,-73.9808219736842,40.78394634210526
151,grid16,grid31,40,-74.00192317499997,40.754668375,-73.97493432499998,40.786066575
152,grid16,grid32,17,-74.00187170588234,40.75343276470589,-73.95182899999998,40.784541705882354
153,grid16,grid33,18,-74.002364,40.754839,-73.97171766666666,40.79450855555555
154,grid16,grid34,21,-74.00123538095238,40.754891904761905,-73.96456947619045,40.79718785714286
155,grid16,grid35,22,-74.00064540909092,40.75618327272728,-73.96344750000002,40.805380227272735
156,grid17,grid1,265,-73.99232841509436,40.755774656603755,-74.01357184905655,40.70686283773588
157,grid17,grid12,686,-73.99325810204084,40.756496279883436,-74.003377590379,40.74486823032075
158,grid17,grid13,923,-73.99209700433366,40.75678538353192,-73.99230243228604,40.74687839003253
159,grid17,grid14,710,-73.99217819436623,40.755863911267575,-73.98312874366195,40.74630745070424
160,grid17,grid15,350,-73.99200158571423,40.755114788571426,-73.97464128857143,40.74703320857144
161,grid17,grid16,402,-73.99245642786069,40.75521300746265,-74.00230256716422,40.756190870646726
162,grid17,grid17,810,-73.99248741975312,40.756077441975286,-73.99226191728391,40.75621248148146
163,grid17,grid18,830,-73.99240436265059,40.75548472650605,-73.98287278072287,40.75628996867477
164,grid17,grid19,608,-73.99173947861847,40.755911781250056,-73.97337023848691,40.755811013157896
165,grid17,grid20,183,-73.99194998360652,40.75563625683058,-73.96473469398904,40.757545142076495
166,grid17,grid21,628,-73.99272154617842,40.75556576114651,-73.99288999522287,40.765413934713365
167,grid17,grid22,1348,-73.99199395548969,40.75595398516324,-73.98323084940638,40.76538069287828
168,grid17,grid23,287,-73.99149059930316,40.7561916829268,-73.97350656097562,40.76426946689897
169,grid17,grid24,235,-73.99192022978727,40.75562000851062,-73.96268314468081,40.765408029787224
170,grid17,grid25,161,-73.99161461490685,40.75488563354036,-73.95461383229811,40.767773223602475
171,grid17,grid26,500,-73.99234949000002,40.756471996,-73.98218602799997,40.77540361200002
172,grid17,grid27,174,-73.99149713218391,40.75591677011496,-73.96186839080455,40.77588951149426
173,grid17,grid28,374,-73.9918691390374,40.75512488770053,-73.95301822994652,40.77564802406421
174,grid17,grid29,76,-73.99209153947366,40.75469468421053,-73.94660824999998,40.77664269736842
175,grid17,grid3,161,-73.99245973913047,40.75568672049689,-74.01183642236023,40.71541767701864
176,grid17,grid30,132,-73.99234990151515,40.75651985606062,-73.98023193181817,40.784431810606065
177,grid17,grid31,257,-73.99210210116728,40.75619141634242,-73.97403153307387,40.7860206614786
178,grid17,grid32,190,-73.99173388421048,40.75529014210525,-73.95206916315794,40.78461685789472
179,grid17,grid33,159,-73.992227408805,40.756398547169816,-73.9717470188679,40.7948787861635
180,grid17,grid34,115,-73.9919463826087,40.756103956521756,-73.96389060869566,40.79669969565217
181,grid17,grid35,111,-73.99214460360362,40.755941891891865,-73.96414131531533,40.80476627027028
182,grid18,grid1,364,-73.98387857692305,40.756955329670326,-74.01331708516486,40.70688814835165
183,grid18,grid12,395,-73.98411601518991,40.756379812658245,-74.00362352405068,40.74438456455694
184,grid18,grid13,1277,-73.9836224447923,40.75656039859045,-73.99174003210649,40.747644917776064
185,grid18,grid14,877,-73.98324414481195,40.756333019384314,-73.98381964310153,40.74645617331815
186,grid18,grid15,327,-73.98353824159021,40.756004360856274,-73.9744402568807,40.74735807645259
187,grid18,grid16,228,-73.98406138157897,40.756711719298266,-74.0020982061403,40.75694035526317
188,grid18,grid17,756,-73.98338786640211,40.756342970899475,-73.99203843915338,40.75542851984133
189,grid18,grid18,829,-73.98368540651384,40.75639378528341,-73.98324498673104,40.75607853679129
190,grid18,grid19,765,-73.98380764444447,40.75675331503264,-73.97350342352944,40.75562624313724
191,grid18,grid20,199,-73.98304627638187,40.75611479396984,-73.96489562814067,40.75746305025125
192,grid18,grid21,372,-73.98434761290315,40.75671460752687,-73.99385786559138,40.765214943548415
193,grid18,grid22,917,-73.98406127917124,40.75641705997822,-73.98243099781895,40.76526020937837
194,grid18,grid23,541,-73.98308889094277,40.75592949353051,-73.97372117190386,40.76404628650651
195,grid18,grid24,267,-73.98271152808988,40.75606959176027,-73.96346999250937,40.76584077902621
196,grid18,grid25,134,-73.98338863432835,40.75522996268657,-73.95445005970153,40.76723512686566
197,grid18,grid26,307,-73.98351683061888,40.75674918241041,-73.98187049837132,40.775021964169326
198,grid18,grid27,204,-73.98274778431373,40.75615058333333,-73.96162822058821,40.77557542156861
199,grid18,grid28,258,-73.98309572093024,40.7561359224806,-73.95304382170548,40.775986972868225
200,grid18,grid29,65,-73.9830336153846,40.75626849230769,-73.94637886153846,40.77764116923078
201,grid18,grid3,158,-73.98300143670879,40.75659320886075,-74.01173412025317,40.714966664556975
202,grid18,grid30,100,-73.98383272000002,40.7568501,-73.9800585,40.78413882
203,grid18,grid31,215,-73.98325051627904,40.75635999069771,-73.97362786046513,40.7859337767442
204,grid18,grid32,153,-73.98302939215691,40.75628160130722,-73.95256273202614,40.78444559477125
205,grid18,grid33,118,-73.98401896610173,40.75633076271188,-73.97202188135593,40.79489632203392
206,grid18,grid34,88,-73.98419579545455,40.75680655681818,-73.96446822727275,40.79627721590909
207,grid18,grid35,59,-73.98455169491524,40.75653377966104,-73.9636306779661,40.804816084745774
208,grid19,grid1,285,-73.97380998245612,40.755336424561406,-74.0129856350877,40.706336059649104
209,grid19,grid12,308,-73.97375217532469,40.75537401623378,-74.00345228246758,40.74467541233769
210,grid19,grid13,1015,-73.97341252019702,40.75536813990145,-73.99169351034486,40.74787615467985
211,grid19,grid14,1135,-73.97330802202632,40.75576184140966,-73.98285067753307,40.745905155947106
212,grid19,grid15,517,-73.97260076208894,40.75531158413929,-73.9745489806576,40.74662810638299
213,grid19,grid16,172,-73.97405588372095,40.755050087209305,-74.00235396511631,40.7565477267442
214,grid19,grid17,673,-73.9737544561664,40.75539186032693,-73.99164966864781,40.75589737147102
215,grid19,grid18,736,-73.97333422554337,40.75576738722825,-73.98390232744573,40.756848544836906
216,grid19,grid19,831,-73.97316318892886,40.755843489771344,-73.97336587003615,40.755383055354976
217,grid19,grid20,360,-73.97331740555549,40.75516345000001,-73.96426159999996,40.757805597222244
218,grid19,grid21,281,-73.97341523487545,40.75543487544481,-73.99278334875451,40.76476610676154
219,grid19,grid22,674,-73.97387124480714,40.75559824629075,-73.9828657388724,40.76495713353122
220,grid19,grid23,528,-73.97363759280302,40.7556197689394,-73.97228123106066,40.76397514583334
221,grid19,grid24,710,-73.97289941690138,40.75554726478872,-73.96291485633802,40.76598052535215
222,grid19,grid25,319,-73.97278216300934,40.75541538557995,-73.9545135329153,40.76762322257056
223,grid19,grid26,265,-73.97391910943395,40.7554837471698,-73.98186432830192,40.7756736754717
224,grid19,grid27,428,-73.97329907242997,40.75658581074769,-73.96186965654199,40.77460819392524
225,grid19,grid28,664,-73.97257775753025,40.7557302921687,-73.95344059638549,40.77578871084333
226,grid19,grid29,119,-73.97266803361346,40.75567726890755,-73.94657933613443,40.77713337815125
227,grid19,grid3,138,-73.97389962318842,40.755469217391315,-74.01169897101447,40.71545634057971
228,grid19,grid30,81,-73.97378550617286,40.75509909876542,-73.98067444444443,40.783944012345685
229,grid19,grid31,180,-73.97347211666667,40.755473111111115,-73.97388367777779,40.7855416388889
230,grid19,grid32,271,-73.97284996678965,40.75610407380074,-73.95246646494466,40.78441246125463
231,grid19,grid33,83,-73.97341987951806,40.75553709638554,-73.97168798795178,40.79531899999999
232,grid19,grid34,50,-73.97299984000001,40.75529385999999,-73.96506339999998,40.79544944
233,grid19,grid35,48,-73.97389120833333,40.75599156250001,-73.96412358333333,40.80554470833332
234,grid20,grid1,57,-73.96483219298244,40.75801363157893,-74.0127041403509,40.70491884210528
235,grid20,grid12,83,-73.96497785542171,40.75765855421685,-74.00382201204819,40.74427189156626
236,grid20,grid13,273,-73.96504154578749,40.757621853479854,-73.99182923443227,40.74777994871793
237,grid20,grid14,302,-73.96540158278141,40.75747138079469,-73.98255538410595,40.745752337748364
238,grid20,grid15,325,-73.96550713846155,40.75800371692308,-73.97473652923075,40.74610043384617
239,grid20,grid16,32,-73.9647805,40.75773709374999,-74.00242884374998,40.7555655625
240,grid20,grid17,152,-73.965278006579,40.757598381578944,-73.99157926973687,40.756010302631545
241,grid20,grid18,155,-73.9655761225806,40.757539283870976,-73.983702567742,40.75657520645163
242,grid20,grid19,465,-73.96465967741933,40.757937124731185,-73.97317500645165,40.75501177419356
243,grid20,grid20,276,-73.96437331884056,40.757605952898565,-73.96411284057974,40.757825177536226
244,grid20,grid21,57,-73.96523424561406,40.75810889473684,-73.99262310526319,40.764727912280705
245,grid20,grid22,201,-73.96495388557214,40.75797660696518,-73.98270081094522,40.765029263681576
246,grid20,grid23,198,-73.96438516161615,40.75720442424246,-73.97164606060603,40.76405704040405
247,grid20,grid24,360,-73.96455848888884,40.757199163888856,-73.96264642500007,40.765917675
248,grid20,grid25,306,-73.96390511437902,40.75781782352935,-73.9546921339869,40.76788391830063
249,grid20,grid26,105,-73.96493499047617,40.75723474285714,-73.98171081904766,40.77512838095239
250,grid20,grid27,198,-73.96419320202017,40.75772719696968,-73.96132413131309,40.77466635353536
251,grid20,grid28,528,-73.96417390719695,40.75793614583333,-73.9526464166667,40.77541200189392
252,grid20,grid29,127,-73.96387129133856,40.757856850393686,-73.94645490551177,40.777205244094475
253,grid20,grid3,21,-73.9647331904762,40.75781538095238,-74.01267585714284,40.71605357142856
254,grid20,grid30,42,-73.96486957142857,40.7574766904762,-73.98056652380951,40.78330373809523
255,grid20,grid31,67,-73.96479405970148,40.75793149253731,-73.97346277611938,40.785708746268675
256,grid20,grid32,150,-73.96399401333338,40.758151473333335,-73.95259818000002,40.78419178666668
257,grid20,grid33,42,-73.9648551190476,40.75723092857144,-73.97129790476191,40.79569819047619
258,grid20,grid34,21,-73.96500876190477,40.75794904761905,-73.9644494285714,40.79556761904762
259,grid20,grid35,24,-73.964605125,40.75803854166666,-73.96395258333331,40.80483683333335
260,grid21,grid1,92,-73.9927551956522,40.764498782608705,-74.0134105869565,40.70654178260869
261,grid21,grid12,402,-73.99204532587069,40.764217746268685,-74.00315215671641,40.74504637313435
262,grid21,grid13,565,-73.99307671858412,40.764666292035415,-73.99283018761062,40.74796471858407
263,grid21,grid14,249,-73.99279569076309,40.76457874698794,-73.98307475903619,40.74669621686745
264,grid21,grid15,95,-73.99240550526315,40.764397052631594,-73.97490025263156,40.74743767368421
265,grid21,grid16,178,-73.99243088764042,40.76472624157304,-74.00279330337077,40.75515052808991
266,grid21,grid17,568,-73.99272994366189,40.764794732394314,-73.99261419014076,40.75548274295778
267,grid21,grid18,369,-73.99382114905148,40.76478884552842,-73.98354810027101,40.756143593495906
268,grid21,grid19,259,-73.99281982239387,40.765002378378405,-73.97401030115826,40.75536721235519
269,grid21,grid20,70,-73.99276069999998,40.76554074285714,-73.96529082857141,40.7574269
270,grid21,grid21,314,-73.9926079299363,40.7646552165605,-73.99261509554141,40.764820993630565
271,grid21,grid22,519,-73.99306948362242,40.76545786319846,-73.98326834874756,40.76569912524084
272,grid21,grid23,114,-73.99234451754388,40.764730587719306,-73.97282406140356,40.76392842105265
273,grid21,grid24,83,-73.99193175903616,40.76477356626506,-73.96322744578313,40.7652416746988
274,grid21,grid25,43,-73.99270411627906,40.76381239534885,-73.9548572093023,40.766445395348846
275,grid21,grid26,385,-73.99208451948047,40.7652476025974,-73.98272344155839,40.77587390129868
276,grid21,grid27,49,-73.99169614285714,40.765442387755094,-73.96149426530611,40.776033612244895
277,grid21,grid28,131,-73.99203851908399,40.76536108396947,-73.95299825190841,40.77615599236643
278,grid21,grid29,20,-73.99101325,40.7649741,-73.94645825,40.77819255000001
279,grid21,grid3,72,-73.99223404166666,40.76432640277779,-74.01225340277777,40.71609923611111
280,grid21,grid30,143,-73.99188864335663,40.766022489510476,-73.98037637762239,40.784076111888105
281,grid21,grid31,184,-73.99157129891303,40.76571380978262,-73.9747952119565,40.786185108695655
282,grid21,grid32,52,-73.9924043846154,40.76502013461538,-73.95149550000002,40.78469609615385
283,grid21,grid33,119,-73.99201331932774,40.76546384873948,-73.97200681512605,40.79497608403362
284,grid21,grid34,57,-73.99186763157896,40.765007017543866,-73.96402277192982,40.79695391228071
285,grid21,grid35,64,-73.99192187499997,40.76483189062501,-73.96397134374998,40.80447137500001
286,grid22,grid1,251,-73.98260470517926,40.76421212749007,-74.01319104780876,40.70679068525895
287,grid22,grid12,466,-73.98371134978541,40.76564225965666,-74.00357151931328,40.744672510729636
288,grid22,grid13,1240,-73.98263928548373,40.764824577419326,-73.99201462580633,40.74813735403224
289,grid22,grid14,618,-73.98293586731401,40.76492656634309,-73.98344006310678,40.74648760032363
290,grid22,grid15,234,-73.9829526880342,40.765027290598304,-73.9743515213675,40.747302008547
291,grid22,grid16,258,-73.98317469379846,40.76483415891471,-74.00220215891474,40.75681505038761
292,grid22,grid17,1023,-73.98307904398827,40.765352566959926,-73.99210286999022,40.75604369305961
293,grid22,grid18,826,-73.9826108571428,40.765162872881376,-73.98372733656177,40.756395211864465
294,grid22,grid19,695,-73.98281971223021,40.76516323884897,-73.97371087338126,40.755731200000014
295,grid22,grid20,229,-73.98260354585156,40.76531196069867,-73.9649554585153,40.75766955895195
296,grid22,grid21,546,-73.98322264468858,40.765480538461574,-73.99279104761905,40.765349831501865
297,grid22,grid22,1073,-73.98321043616038,40.765673424976704,-73.98259942963655,40.7655484780988
298,grid22,grid23,344,-73.982567747093,40.76534894186047,-73.97291070930234,40.76399654651161
299,grid22,grid24,314,-73.98239627707002,40.76564089808918,-73.96307049044586,40.76575336624206
300,grid22,grid25,196,-73.9828544897959,40.76537930102041,-73.95471596428565,40.76757689795919
301,grid22,grid26,814,-73.98308000982794,40.765867641277644,-73.98199788697792,40.77587160073708
302,grid22,grid27,308,-73.98240672077917,40.76586763311688,-73.96188855844156,40.77616394155843
303,grid22,grid28,423,-73.98286814420806,40.7655294940898,-73.95327978250586,40.77597560992905
304,grid22,grid29,63,-73.98248214285717,40.76522957142856,-73.94642399999998,40.77756268253969
305,grid22,grid3,173,-73.98238688439304,40.764958069364184,-74.01252647398847,40.71518049710981
306,grid22,grid30,294,-73.98330668707487,40.766404782312925,-73.98010059523811,40.78408323809523
307,grid22,grid31,712,-73.98296300842698,40.76677654634835,-73.97356991994387,40.78564223174156
308,grid22,grid32,231,-73.9827469437229,40.76591228571427,-73.95241896969699,40.7847782207792
309,grid22,grid33,290,-73.983211937931,40.765876796551716,-73.97153161724142,40.79478106896553
310,grid22,grid34,323,-73.98289826625387,40.76671487925698,-73.96343751393191,40.796454934984524
311,grid22,grid35,224,-73.98313398214289,40.76667415625001,-73.96368249553578,40.804698558035724
312,grid23,grid1,106,-73.97301744339623,40.76342220754718,-74.0129057169811,40.706687688679224
313,grid23,grid12,162,-73.97238832716052,40.763578320987655,-74.00411344444444,40.744083141975324
314,grid23,grid13,378,-73.97313590740745,40.76389722222221,-73.99159031746028,40.74748915079362
315,grid23,grid14,496,-73.97227293951619,40.76342692741938,-73.98319872782261,40.746587844758075
316,grid23,grid15,165,-73.97187209090909,40.763335721212115,-73.97444320606058,40.74715688484847
317,grid23,grid16,50,-73.97365434,40.76414696,-74.00216832,40.75599418
318,grid23,grid17,317,-73.97342043217665,40.763836009463695,-73.99134582018927,40.75611356782331
319,grid23,grid18,445,-73.9730301078652,40.7637903662921,-73.98361446067419,40.75647076179775
320,grid23,grid19,473,-73.97204967230445,40.76365950317125,-73.97372869133189,40.75533793234676
321,grid23,grid20,192,-73.97242732812497,40.76357188541665,-73.96450523958332,40.75747606250001
322,grid23,grid21,140,-73.97332079285714,40.76369444285713,-73.99219852857145,40.7652231
323,grid23,grid22,401,-73.97312018204494,40.76411860847882,-73.98277975561098,40.766131054862825
324,grid23,grid23,287,-73.9724364285714,40.76420820209057,-73.9723398188153,40.76393758885021
325,grid23,grid24,333,-73.97202472072073,40.76389115615617,-73.96304832432433,40.766447870870884
326,grid23,grid25,139,-73.97203116546758,40.7640926618705,-73.95459084172667,40.767545654676276
327,grid23,grid26,298,-73.97331858389262,40.76482279530204,-73.98202519798654,40.77557565100669
328,grid23,grid27,524,-73.97125469083967,40.76432018893136,-73.96180875954195,40.775173660305406
329,grid23,grid28,363,-73.97166744903576,40.76400722865017,-73.95357552892557,40.77603603581269
330,grid23,grid29,67,-73.97203644776118,40.7639588358209,-73.9461527164179,40.77698653731343
331,grid23,grid3,68,-73.97270288235298,40.763988088235294,-74.01169244117645,40.71615660294117
332,grid23,grid30,94,-73.9737925,40.764235106382976,-73.9802654893617,40.78414451063829
333,grid23,grid31,159,-73.97291837735844,40.76448089937107,-73.97389196855346,40.785844515723284
334,grid23,grid32,252,-73.97145855555561,40.764435539682545,-73.95367830158733,40.78455863492064
335,grid23,grid33,80,-73.973066,40.7643800625,-73.97174898749998,40.79482548749999
336,grid23,grid34,57,-73.97252324561401,40.764863666666656,-73.96436921052631,40.79578168421053
337,grid23,grid35,42,-73.97247457142858,40.763777714285716,-73.96466311904763,40.80454933333333
338,grid24,grid1,55,-73.96240147272727,40.7658934909091,-74.01293205454544,40.705296800000006
339,grid24,grid12,103,-73.96388468932034,40.76567074757281,-74.003982776699,40.74517696116504
340,grid24,grid13,351,-73.96321041025638,40.765762136752144,-73.99175240170945,40.74803268945868
341,grid24,grid14,412,-73.96360091504856,40.76593585436894,-73.9823816237864,40.74597266019425
342,grid24,grid15,284,-73.96287562676048,40.76501016197185,-73.9747973239437,40.746758866197204
343,grid24,grid16,53,-73.96240796226412,40.76540635849057,-74.00212799999998,40.75553096226415
344,grid24,grid17,204,-73.96335297058822,40.765234598039186,-73.99175561274512,40.75542624999998
345,grid24,grid18,245,-73.96374911020412,40.76538787755106,-73.98334027346934,40.75670707346941
346,grid24,grid19,800,-73.9635629512499,40.76600956249997,-73.972958345,40.75610057250002
347,grid24,grid20,251,-73.9625890199203,40.76609815936254,-73.96488074103587,40.7571773187251
348,grid24,grid21,97,-73.96316008247427,40.76507970103092,-73.99145575257731,40.764716608247426
349,grid24,grid22,287,-73.9638218432056,40.76572904878053,-73.9825361219512,40.76597024738674
350,grid24,grid23,376,-73.96331500797871,40.76638132978726,-73.97109356914893,40.76391767287236
351,grid24,grid24,684,-73.96338303947363,40.76566041374269,-73.96313898830404,40.76639678801168
352,grid24,grid25,370,-73.96343347027026,40.76502713243242,-73.95452479189191,40.76756280810813
353,grid24,grid26,334,-73.96344451497002,40.76631690718562,-73.9816729431138,40.775593056886244
354,grid24,grid27,587,-73.96381392844977,40.76582549574107,-73.96126841567303,40.77499190459967
355,grid24,grid28,1038,-73.96327067533736,40.765362202312154,-73.95347581117521,40.77623197398849
356,grid24,grid29,176,-73.96278190340907,40.765734062500016,-73.9461452840909,40.77681353977272
357,grid24,grid3,37,-73.96307275675673,40.766029945945945,-74.01268245945946,40.715397432432425
358,grid24,grid30,87,-73.96322208045977,40.766397252873595,-73.98036644827584,40.7842126091954
359,grid24,grid31,205,-73.96350831707315,40.76615282439026,-73.97377087804875,40.78573310731708
360,grid24,grid32,450,-73.96372883777772,40.76588531111111,-73.95263645999994,40.784277324444396
361,grid24,grid33,104,-73.9633995576923,40.76592228846156,-73.97151476923078,40.7956854230769
362,grid24,grid34,74,-73.9640747162162,40.766574486486476,-73.96397606756751,40.79544228378378
363,grid24,grid35,36,-73.96337336111111,40.76656927777779,-73.96412661111113,40.80549241666667
364,grid25,grid1,29,-73.95472413793105,40.76761168965517,-74.01371344827584,40.70622455172414
365,grid25,grid12,47,-73.95476917021277,40.76750123404256,-74.0031536170213,40.745406787234046
366,grid25,grid13,173,-73.9548403236994,40.767555184971094,-73.99169285549131,40.74865661849711
367,grid25,grid14,143,-73.95499572727272,40.76794309090907,-73.98346816083914,40.746391958041954
368,grid25,grid15,154,-73.95517640259742,40.76757849350649,-73.97419847402601,40.74614293506493
369,grid25,grid16,23,-73.95438660869564,40.76802313043478,-74.00218904347825,40.755700913043476
370,grid25,grid17,115,-73.95494182608695,40.76765003478261,-73.9912252521739,40.75587855652171
371,grid25,grid18,109,-73.95511745871559,40.767663055045865,-73.98275664220185,40.75635132110092
372,grid25,grid19,319,-73.95492290282131,40.76773997492163,-73.97293855485896,40.75580466771161
373,grid25,grid20,216,-73.95486474074079,40.767850865740726,-73.96376320370372,40.75767557407408
374,grid25,grid21,44,-73.95494256818183,40.76838849999999,-73.99191654545454,40.76446206818181
375,grid25,grid22,109,-73.95507861467891,40.76767117431192,-73.98298541284403,40.76561711009176
376,grid25,grid23,144,-73.95473834722223,40.76798168750001,-73.97118479166664,40.76350276388888
377,grid25,grid24,348,-73.95459197988495,40.767855413793114,-73.96345812643672,40.76558998563217
378,grid25,grid25,173,-73.95441134682083,40.76763924855492,-73.95424465895955,40.76736897109828
379,grid25,grid26,122,-73.95502314754098,40.76797809836065,-73.98160910655734,40.775931098360665
380,grid25,grid27,218,-73.95448787155959,40.768230353210996,-73.9617004357798,40.774972348623855
381,grid25,grid28,484,-73.95482459917359,40.767696223140476,-73.9525419421487,40.77665324586779
382,grid25,grid29,176,-73.95487832386362,40.767350335227256,-73.94618852840908,40.7772955284091
383,grid25,grid3,31,-73.95505425806452,40.76755361290323,-74.01188887096774,40.716239161290325
384,grid25,grid30,49,-73.95474016326527,40.76738838775513,-73.98032195918368,40.7840879387755
385,grid25,grid31,100,-73.95465813999998,40.76752157000002,-73.97331625,40.785696419999994
386,grid25,grid32,157,-73.95508465605094,40.768019859872595,-73.95205719745222,40.78421759235668
387,grid25,grid33,56,-73.95498776785712,40.76761314285716,-73.97174728571432,40.79504778571429
388,grid25,grid34,20,-73.9546194,40.76764015000001,-73.96388069999998,40.79518875
389,grid25,grid35,23,-73.95457052173911,40.76734773913044,-73.964057,40.80484121739129
390,grid26,grid1,39,-73.98204312820509,40.775351,-74.01251105128206,40.706904461538464
391,grid26,grid12,158,-73.98255782278481,40.77559914556961,-74.00373187341772,40.74479648101264
392,grid26,grid13,329,-73.98223825531916,40.775228060790255,-73.99270781155019,40.74793043769
393,grid26,grid14,175,-73.98174994285712,40.77489516571429,-73.98277260000003,40.746049714285704
394,grid26,grid15,97,-73.98152863917527,40.77500162886598,-73.9748383814433,40.74721004123713
395,grid26,grid16,87,-73.98268645977011,40.776234183908045,-74.00241781609196,40.756057747126434
396,grid26,grid17,386,-73.98221463730572,40.77505703886011,-73.9922627953368,40.7565694093264
397,grid26,grid18,313,-73.98184525559105,40.774773527156526,-73.98333740255595,40.7566989680511
398,grid26,grid19,271,-73.9816776605166,40.774800638376405,-73.97352746863464,40.755687738007396
399,grid26,grid20,121,-73.98178521487606,40.77533898347108,-73.96455817355375,40.757837785123975
400,grid26,grid21,329,-73.98220357142857,40.77577386322185,-73.99170978723406,40.764734993920996
401,grid26,grid22,828,-73.98194889734305,40.77593434661834,-73.98289713647334,40.76599509057967
402,grid26,grid23,207,-73.98186003381639,40.775426917874384,-73.97212874879224,40.7646428164251
403,grid26,grid24,302,-73.98153323178809,40.77530726490063,-73.96299167218547,40.7662539834437
404,grid26,grid25,174,-73.98167863218387,40.77592956896552,-73.9546909137931,40.76741974712645
405,grid26,grid26,608,-73.98249343750005,40.77638751480266,-73.98215505921056,40.775889950657906
406,grid26,grid27,286,-73.98187886713285,40.776292318181845,-73.96144772027971,40.7762305174825
407,grid26,grid28,337,-73.98199132640951,40.77591868545996,-73.95350277448075,40.77610347181008
408,grid26,grid29,64,-73.98219790625005,40.77592245312499,-73.945972765625,40.777440531249994
409,grid26,grid3,47,-73.98245391489361,40.7754479361702,-74.01252529787233,40.71585402127659
410,grid26,grid30,365,-73.98271318904104,40.776405684931504,-73.98003934794518,40.78490156712329
411,grid26,grid31,818,-73.98222772127146,40.7766051772616,-73.97427405501233,40.78664544254282
412,grid26,grid32,215,-73.9819999953488,40.77584176279069,-73.95326970232551,40.78453085581396
413,grid26,grid33,522,-73.98227572413786,40.77714289655169,-73.97196880459772,40.794980293103436
414,grid26,grid34,256,-73.98171651171867,40.776351214843785,-73.96447408984372,40.79623673437502
415,grid26,grid35,258,-73.98209935658919,40.77660613178296,-73.96455444961241,40.80489405426358
416,grid27,grid1,28,-73.96210989285713,40.77548964285713,-74.01317164285716,40.70543564285714
417,grid27,grid12,67,-73.9616674029851,40.774950313432825,-74.00354038805968,40.744682477611946
418,grid27,grid13,216,-73.9616959398148,40.7748037222222,-73.99174574537041,40.74817725925927
419,grid27,grid14,231,-73.96194229437228,40.774387056277035,-73.9828923073593,40.746459367965336
420,grid27,grid15,86,-73.9616862906977,40.77446218604651,-73.97474743023254,40.74754747674417
421,grid27,grid16,26,-73.9617628846154,40.77497392307692,-74.0015623076923,40.7567126923077
422,grid27,grid17,140,-73.96213261428572,40.774900464285714,-73.99141119999999,40.75587801428568
423,grid27,grid18,213,-73.9623986056338,40.77481109389673,-73.9832762816901,40.75665177464792
424,grid27,grid19,480,-73.96156066458339,40.77455875416669,-73.97329626041675,40.75687645000002
425,grid27,grid20,162,-73.96119561111107,40.7745605493827,-73.96430743827158,40.75709751234568
426,grid27,grid21,54,-73.96219411111113,40.77503462962965,-73.99123562962963,40.76417168518518
427,grid27,grid22,274,-73.96217680656936,40.775052251824825,-73.98256870072997,40.76595945255474
428,grid27,grid23,407,-73.96188573218666,40.775026535626544,-73.97115842260439,40.76365665601968
429,grid27,grid24,500,-73.96102555399995,40.77495893600003,-73.96413852000005,40.765996880000024
430,grid27,grid25,152,-73.96127256578949,40.77445736184213,-73.95433160526319,40.76799155263157
431,grid27,grid26,260,-73.9615848653846,40.77549724230765,-73.98176960384609,40.77603772692309
432,grid27,grid27,355,-73.96126780563384,40.77513365915493,-73.96146756901416,40.77565673521127
433,grid27,grid28,531,-73.96124147834273,40.77451496421852,-73.95329179849347,40.77674793220336
434,grid27,grid29,159,-73.9608970314465,40.77525789308174,-73.94600548427671,40.77679056603769
435,grid27,grid3,24,-73.96160308333333,40.77445329166667,-74.01262579166666,40.71631695833333
436,grid27,grid30,111,-73.96116767567564,40.775665315315315,-73.98025846846846,40.78425212612614
437,grid27,grid31,253,-73.96098398418975,40.77587500395258,-73.97398235968375,40.7858594071146
438,grid27,grid32,459,-73.96096876470588,40.77497289324618,-73.95354172766886,40.7844743856209
439,grid27,grid33,148,-73.96097364189191,40.776024027027006,-73.97172992567569,40.79538071621621
440,grid27,grid34,83,-73.96116668674699,40.77564709638554,-73.96474079518072,40.795439879518064
441,grid27,grid35,54,-73.96130881481481,40.775786907407415,-73.96415109259259,40.805169388888885
442,grid28,grid1,67,-73.95261837313433,40.77564213432834,-74.0124641044776,40.705930537313435
443,grid28,grid12,98,-73.95331528571427,40.77691739795917,-74.00341421428571,40.74482613265307
444,grid28,grid13,409,-73.95289821026891,40.77584511491446,-73.99170446210269,40.748182100244506
445,grid28,grid14,389,-73.9535106632391,40.77582202313627,-73.9827992904884,40.74607363753217
446,grid28,grid15,299,-73.95347539799333,40.77578132775922,-73.97435984280936,40.74661701003347
447,grid28,grid16,54,-73.9538073148148,40.775709074074065,-74.00322433333334,40.755596962962954
448,grid28,grid17,256,-73.95329577343745,40.775891859375015,-73.9915886679687,40.75521420703125
449,grid28,grid18,207,-73.95375727053134,40.77647849275363,-73.98291119323667,40.75639467149758
450,grid28,grid19,692,-73.95363173699425,40.77575829624279,-73.97273016618497,40.75582053901733
451,grid28,grid20,378,-73.95318531481485,40.77565008201063,-73.9642136402116,40.7577036507936
452,grid28,grid21,116,-73.95347993103447,40.776022327586226,-73.99152775862069,40.765010931034475
453,grid28,grid22,299,-73.95374029096989,40.77615093645488,-73.98299841137127,40.766229421404645
454,grid28,grid23,365,-73.95364869041092,40.7764736520548,-73.97090283287675,40.76403843835619
455,grid28,grid24,1071,-73.95377796358542,40.776377724556525,-73.9628855387488,40.76607872362281
456,grid28,grid25,477,-73.95300431865827,40.77682590985328,-73.95484451362677,40.76774870020963
457,grid28,grid26,344,-73.95338567151161,40.77676958430232,-73.98166758139539,40.77604625290697
458,grid28,grid27,658,-73.95373515197569,40.776658095744736,-73.9617615653496,40.77487084954407
459,grid28,grid28,974,-73.95308750308016,40.776058416837714,-73.9532601858316,40.776083450718644
460,grid28,grid29,361,-73.95371066759004,40.77642151523544,-73.9459640498615,40.77677275069252
461,grid28,grid3,48,-73.95364824999999,40.77532383333333,-74.01286552083333,40.715916625
462,grid28,grid30,171,-73.95354329824569,40.77584815204681,-73.98016365497077,40.784781818713455
463,grid28,grid31,475,-73.95394819789472,40.77695558526321,-73.97367458947366,40.78616883368421
464,grid28,grid32,764,-73.95388080890059,40.77660573821996,-73.95271964528798,40.7848570418848
465,grid28,grid33,206,-73.95387942233008,40.77633476699032,-73.97155165533975,40.79530611650487
466,grid28,grid34,129,-73.95412355038758,40.776730472868216,-73.96447328682167,40.795710705426366
467,grid28,grid35,102,-73.95415155882355,40.77658960784315,-73.96413497058825,40.804668745098034
468,grid29,grid1,5,-73.94654739999999,40.7759252,-74.01346679999999,40.7056014
469,grid29,grid12,13,-73.94632584615384,40.77447792307692,-74.00461038461538,40.74561415384615
470,grid29,grid13,73,-73.94652468493153,40.7768450958904,-73.99171416438354,40.74863308219179
471,grid29,grid14,65,-73.94646353846154,40.77718956923078,-73.9834514923077,40.74684192307693
472,grid29,grid15,55,-73.946476,40.776941836363626,-73.97367118181819,40.74617983636365
473,grid29,grid16,16,-73.94689949999999,40.77664818750001,-74.002607375,40.7558835625
474,grid29,grid17,38,-73.9466654736842,40.77632994736841,-73.99113105263156,40.755068868421056
475,grid29,grid18,56,-73.94602819642854,40.77704117857143,-73.98246983928571,40.75615473214287
476,grid29,grid19,125,-73.94626247199999,40.77610153599997,-73.97295659199995,40.755985776000024
477,grid29,grid20,73,-73.94626546575337,40.77663354794522,-73.96261204109591,40.7580052739726
478,grid29,grid21,16,-73.94648431249998,40.777447375,-73.99064881249998,40.76474412500001
479,grid29,grid22,52,-73.94612128846154,40.77642319230768,-73.98312549999997,40.76567975
480,grid29,grid23,66,-73.94611334848484,40.77673218181817,-73.97042056060606,40.763991287878795
481,grid29,grid24,183,-73.9461513497268,40.776372513661215,-73.96276808196723,40.76658623497266
482,grid29,grid25,163,-73.94629780981599,40.77706133742332,-73.95470236809814,40.767044711656425
483,grid29,grid26,66,-73.94613315151517,40.77685133333335,-73.98131333333333,40.77589636363636
484,grid29,grid27,182,-73.94619104945055,40.77631057692311,-73.96130389010989,40.77488169230769
485,grid29,grid28,270,-73.94599831111113,40.77677295185185,-73.9538783888889,40.77672209629629
486,grid29,grid29,61,-73.94632036065572,40.77620091803278,-73.94576375409838,40.776498180327856
487,grid29,grid3,14,-73.94593907142857,40.776505714285705,-74.01114421428572,40.7171045
488,grid29,grid30,23,-73.94638334782606,40.77618326086957,-73.9800137826087,40.78430808695651
489,grid29,grid31,65,-73.94633061538461,40.77675218461537,-73.97397312307693,40.78675244615385
490,grid29,grid32,128,-73.94613136718748,40.776995109374994,-73.95341629687498,40.78467411718752
491,grid29,grid33,32,-73.9463859375,40.77715296875,-73.97186234374995,40.79508340625
492,grid29,grid34,27,-73.9463532962963,40.77801540740741,-73.96435685185185,40.795367555555565
493,grid29,grid35,23,-73.9464760869565,40.77652169565216,-73.96350569565219,40.80530926086958
494,grid3,grid1,362,-74.01199898618786,40.7158225248619,-74.01366280110489,40.70627664640885
495,grid3,grid12,222,-74.01188274774776,40.71574822522523,-74.00507668468465,40.74459459459458
496,grid3,grid13,360,-74.01205017222217,40.715358833333376,-73.99274288888887,40.74731359722218
497,grid3,grid14,146,-74.01152369863017,40.715287315068494,-73.98321591780822,40.746224417808214
498,grid3,grid15,60,-74.01193948333334,40.716255833333335,-73.9742399833333,40.74690161666667
499,grid3,grid16,64,-74.01225100000002,40.714854375000016,-74.003689671875,40.75595540624999
500,grid3,grid17,216,-74.01235766666666,40.714921888888895,-73.9924212962963,40.75656000462962
501,grid3,grid18,193,-74.01166012953367,40.714824808290146,-73.98376811917093,40.75673810880827
502,grid3,grid19,150,-74.01223717999997,40.71508774666667,-73.97403016666661,40.75543583333333
503,grid3,grid20,45,-74.0124468222222,40.71590293333333,-73.9640497111111,40.75722073333333
504,grid3,grid21,74,-74.01206137837838,40.71556841891893,-73.99263108108111,40.764993918918904
505,grid3,grid22,201,-74.01254905472638,40.71494767164178,-73.98296238805972,40.764877114427854
506,grid3,grid23,63,-74.01111919047621,40.715335714285715,-73.97365626984126,40.764414349206355
507,grid3,grid24,48,-74.01195945833334,40.715134229166665,-73.9625560833333,40.7657266875
508,grid3,grid25,35,-74.012574,40.71572148571428,-73.95404951428571,40.767819485714284
509,grid3,grid26,66,-74.01201763636367,40.71605089393938,-73.98282703030304,40.77530036363636
510,grid3,grid27,38,-74.01217152631578,40.71555260526317,-73.96183063157895,40.77582931578947
511,grid3,grid28,53,-74.01202090566038,40.71547398113209,-73.95284090566037,40.77445003773585
512,grid3,grid29,13,-74.01134499999998,40.716711615384604,-73.94658569230769,40.776932
513,grid3,grid3,261,-74.01198850191575,40.7157629118774,-74.01197619157092,40.715391578544065
514,grid3,grid30,19,-74.01157405263156,40.71510010526315,-73.98061857894737,40.78436263157895
515,grid3,grid31,36,-74.01175094444444,40.71627369444444,-73.97402994444444,40.785532444444435
516,grid3,grid32,18,-74.0124397777778,40.716506555555576,-73.95322522222223,40.78491016666667
517,grid3,grid33,19,-74.01145536842103,40.71595863157895,-73.97205084210526,40.79495663157895
518,grid3,grid34,17,-74.01176111764704,40.71633782352939,-73.96290823529412,40.796399
519,grid3,grid35,6,-74.01317033333333,40.716063500000004,-73.96500916666666,40.804897
520,grid30,grid1,16,-73.97958475,40.784398375,-74.01242512500002,40.7063366875
521,grid30,grid12,61,-73.980387147541,40.78416244262295,-74.00455696721312,40.745346983606574
522,grid30,grid13,106,-73.98007078301886,40.784143792452845,-73.9931265849057,40.74842050943396
523,grid30,grid14,51,-73.98023676470586,40.78424578431371,-73.98312856862745,40.746025
524,grid30,grid15,21,-73.98052338095238,40.78393242857143,-73.97399095238093,40.746397619047606
525,grid30,grid16,36,-73.98075652777777,40.78391530555556,-74.00281030555556,40.75591508333334
526,grid30,grid17,110,-73.98021388181819,40.78408335454544,-73.99222529090913,40.756242672727254
527,grid30,grid18,81,-73.98018002469135,40.7839627160494,-73.9834435061728,40.75677330864197
528,grid30,grid19,90,-73.97967595555552,40.784028311111115,-73.97414986666666,40.7560226
529,grid30,grid20,28,-73.97981928571427,40.78412828571428,-73.96563410714283,40.75702053571429
530,grid30,grid21,117,-73.98036291452989,40.783816803418816,-73.99190194017093,40.765141538461506
531,grid30,grid22,290,-73.9800630034483,40.78408663103448,-73.98284059655172,40.766315827586226
532,grid30,grid23,61,-73.98021054098358,40.78360281967214,-73.97251295081968,40.76435877049182
533,grid30,grid24,85,-73.97978405882353,40.783845811764685,-73.96306999999999,40.7665106
534,grid30,grid25,50,-73.97972485999998,40.78368372,-73.95417392000002,40.7677269
535,grid30,grid26,425,-73.9797424329412,40.78453924,-73.98241040941177,40.776421988235285
536,grid30,grid27,149,-73.97994108724826,40.78384898657718,-73.96171951677852,40.776431812080546
537,grid30,grid28,174,-73.97991791379306,40.78382598275861,-73.95366409195405,40.775826034482755
538,grid30,grid29,25,-73.9799728,40.78379071999999,-73.94639115999998,40.77680307999999
539,grid30,grid3,20,-73.97959395,40.78462155,-74.01265590000001,40.71528165
540,grid30,grid30,158,-73.98039640506329,40.78404006329114,-73.98023378481011,40.78579093037975
541,grid30,grid31,271,-73.9801758523985,40.78328705535057,-73.9737149298893,40.787223372693724
542,grid30,grid32,94,-73.97985560638294,40.78410907446808,-73.95306453191488,40.7845284042553
543,grid30,grid33,402,-73.97989124129356,40.783834119402975,-73.97173936567162,40.795715661691546
544,grid30,grid34,120,-73.97981585833331,40.783742591666666,-73.96512764166665,40.796675524999976
545,grid30,grid35,178,-73.97966362921346,40.78361991573034,-73.96434366853931,40.805020123595476
546,grid31,grid1,24,-73.97440479166667,40.786014,-74.01210224999998,40.705412375
547,grid31,grid12,83,-73.97428695180727,40.786380313253005,-74.0038083855421,40.744700313253006
548,grid31,grid13,173,-73.97351611560696,40.786046658959535,-73.99261258959541,40.74770833526012
549,grid31,grid14,102,-73.9737639313725,40.78583050980393,-73.98268631372552,40.74602722549021
550,grid31,grid15,46,-73.97473960869563,40.78592002173914,-73.97459093478263,40.74715336956522
551,grid31,grid16,44,-73.97440134090908,40.78638165909091,-74.00208727272728,40.75622088636365
552,grid31,grid17,166,-73.97380619879516,40.78602725301204,-73.99280555421689,40.75660701807228
553,grid31,grid18,148,-73.97402639864862,40.785536094594576,-73.98359702702706,40.75676827702704
554,grid31,grid19,162,-73.97412277777777,40.78568476543212,-73.97316201234574,40.755760395061735
555,grid31,grid20,59,-73.97394681355931,40.78620296610171,-73.96492701694913,40.75738961016949
556,grid31,grid21,120,-73.97434270000002,40.78595697500001,-73.99120959999999,40.76484261666667
557,grid31,grid22,530,-73.97387879433953,40.78596409245285,-73.98284692452832,40.76629694339622
558,grid31,grid23,109,-73.97382910091746,40.7859910825688,-73.97121666972475,40.764536422018345
559,grid31,grid24,211,-73.97376926540284,40.78589827014218,-73.96352627962088,40.766109521327
560,grid31,grid25,109,-73.97414194495413,40.78571315596332,-73.95468864220182,40.76788809174312
561,grid31,grid26,759,-73.97402770882734,40.7866106916996,-73.9815673860342,40.77643446376815
562,grid31,grid27,374,-73.97362263636359,40.78585904545453,-73.96163498128345,40.77706114438502
563,grid31,grid28,455,-73.97374939120877,40.78594160439558,-73.95367748791206,40.77675840439564
564,grid31,grid29,81,-73.9740033950617,40.78670533333332,-73.94634081481476,40.776913271604926
565,grid31,grid3,30,-73.97423906666663,40.78561669999999,-74.01241523333333,40.71631186666668
566,grid31,grid30,261,-73.97434382375471,40.78753557854403,-73.9805325172414,40.78388966666669
567,grid31,grid31,362,-73.97370606629833,40.7868411519337,-73.97369361049722,40.786197378453046
568,grid31,grid32,247,-73.97375365991904,40.78628753846151,-73.95314432793523,40.7847940242915
569,grid31,grid33,513,-73.97506212670565,40.786721150097435,-73.97132062183233,40.795786130604334
570,grid31,grid34,341,-73.97405731671553,40.786486337243424,-73.9644820498533,40.79654376539591
571,grid31,grid35,310,-73.9752473290323,40.78711174838707,-73.96415871612899,40.80480646129026
572,grid32,grid1,18,-73.95298088888889,40.78400616666667,-74.01239988888888,40.705273944444464
573,grid32,grid12,56,-73.95275585714286,40.784211160714285,-74.00414028571426,40.74539417857144
574,grid32,grid13,160,-73.95251524374993,40.7839122875,-73.99233374999999,40.74799455624999
575,grid32,grid14,128,-73.95251572656245,40.78421517968751,-73.98302281249995,40.74644225
576,grid32,grid15,68,-73.95164854411769,40.784136308823534,-73.97449727941174,40.74711435294117
577,grid32,grid16,28,-73.95174364285717,40.783316000000006,-74.00364939285714,40.75581825
578,grid32,grid17,101,-73.95236271287128,40.78449463366339,-73.99138635643565,40.75572396039605
579,grid32,grid18,112,-73.95268573214284,40.78440900000004,-73.98309648214286,40.75608691964286
580,grid32,grid19,271,-73.95273873800737,40.784225346863494,-73.97298543542436,40.756493398524
581,grid32,grid20,110,-73.95284733636362,40.783715609090905,-73.9638606181818,40.75784313636364
582,grid32,grid21,29,-73.95185379310345,40.78524351724137,-73.99217068965517,40.76539382758621
583,grid32,grid22,151,-73.95301598675495,40.78439309933775,-73.98292531788083,40.766699013245024
584,grid32,grid23,216,-73.95346900462965,40.78418576851851,-73.9708933287037,40.76386624074074
585,grid32,grid24,395,-73.95293998734178,40.78409675949366,-73.9634522658228,40.76676633924047
586,grid32,grid25,126,-73.95175652380955,40.78402963492065,-73.95491546031742,40.767670111111116
587,grid32,grid26,173,-73.95329316763004,40.7842100982659,-73.98168834682079,40.775739219653175
588,grid32,grid27,465,-73.95334771397847,40.78412136344086,-73.96140735483864,40.774786135483886
589,grid32,grid28,543,-73.95242132780841,40.78458023941068,-73.95386912154693,40.77637248250461
590,grid32,grid29,140,-73.95346306428574,40.7846289857143,-73.94580899285711,40.776658735714285
591,grid32,grid3,9,-73.95402444444444,40.783877444444435,-74.01279155555554,40.715429666666665
592,grid32,grid30,86,-73.95284655813954,40.784406639534886,-73.98046780232555,40.784743093023245
593,grid32,grid31,191,-73.95279634031414,40.78462134031415,-73.97393145549734,40.78647099476439
594,grid32,grid32,320,-73.95315976250002,40.78471061875006,-73.95334756875005,40.785269287500064
595,grid32,grid33,178,-73.95340175842698,40.785225882022466,-73.97139041011236,40.79529181460672
596,grid32,grid34,114,-73.9528653333333,40.785395622807,-73.96473681578948,40.794516771929814
597,grid32,grid35,65,-73.95298884615389,40.785323384615396,-73.96403246153845,40.80421015384615
598,grid33,grid1,14,-73.97269685714286,40.79343478571428,-74.0123417857143,40.70718728571429
599,grid33,grid12,43,-73.97169913953488,40.795900372093016,-74.00378581395348,40.74543393023257
600,grid33,grid13,94,-73.97146562765955,40.79534621276596,-73.99324082978721,40.74792706382979
601,grid33,grid14,53,-73.97141469811321,40.795499358490574,-73.98258660377357,40.74563018867924
602,grid33,grid15,25,-73.9718772,40.79541656,-73.97491292,40.74555528000001
603,grid33,grid16,38,-73.97179497368421,40.79566471052632,-74.00255097368421,40.75519755263158
604,grid33,grid17,116,-73.97147966379312,40.79542156896552,-73.99220356034483,40.75671785344829
605,grid33,grid18,86,-73.97143662790697,40.795422372093036,-73.98357165116278,40.757354674418615
606,grid33,grid19,83,-73.97206127710841,40.794755506024096,-73.97340581927712,40.7561198192771
607,grid33,grid20,31,-73.97155293548387,40.79498077419354,-73.96501261290321,40.756863
608,grid33,grid21,86,-73.97186906976745,40.79552732558139,-73.99206906976747,40.76518306976745
609,grid33,grid22,249,-73.97144105622488,40.795272305220884,-73.98311227309239,40.76647422891565
610,grid33,grid23,69,-73.9718864057971,40.79500952173916,-73.97194433333334,40.76448914492754
611,grid33,grid24,109,-73.9713979357798,40.79556500917432,-73.96350727522933,40.76690159633028
612,grid33,grid25,41,-73.97147958536586,40.79502834146342,-73.95489397560975,40.767429414634144
613,grid33,grid26,501,-73.97140285029944,40.79555957684628,-73.98198770259476,40.776968331337365
614,grid33,grid27,141,-73.97177801418441,40.79474674468084,-73.96134140425528,40.776109872340434
615,grid33,grid28,177,-73.97145619774008,40.79505234463277,-73.95365236723163,40.776307864406775
616,grid33,grid29,40,-73.97107327500002,40.795428075,-73.94573930000001,40.77751577500001
617,grid33,grid3,19,-73.97186305263158,40.79569689473683,-74.01283294736841,40.71581431578947
618,grid33,grid30,410,-73.97169064390239,40.79559105853661,-73.98042207560971,40.78394188536583
619,grid33,grid31,452,-73.97124776327435,40.7957778915929,-73.9744630973452,40.786628488938064
620,grid33,grid32,202,-73.97138473762377,40.79506147029703,-73.95291674752472,40.78536072277229
621,grid33,grid33,317,-73.97147766876964,40.79576550473188,-73.97174858359614,40.79557717034703
622,grid33,grid34,205,-73.97151074146342,40.7946225414634,-73.96419829756097,40.79697994146342
623,grid33,grid35,497,-73.97158399195173,40.79471036619722,-73.96395557947689,40.80583759154932
624,grid34,grid1,7,-73.96458214285714,40.794776285714285,-74.01100014285713,40.70577657142858
625,grid34,grid12,27,-73.96442522222223,40.796471888888895,-74.00350837037038,40.74539333333333
626,grid34,grid13,55,-73.96461396363634,40.79576725454546,-73.99282038181816,40.74751872727273
627,grid34,grid14,37,-73.96420275675675,40.795362459459454,-73.9829652162162,40.74633472972973
628,grid34,grid15,19,-73.96447815789476,40.79532536842105,-73.97508278947366,40.745800157894735
629,grid34,grid16,18,-73.96388466666666,40.79624966666667,-74.00356572222222,40.75531438888889
630,grid34,grid17,60,-73.96384486666669,40.79642188333333,-73.99174715000002,40.75611213333333
631,grid34,grid18,42,-73.96456666666668,40.79540176190475,-73.98349038095236,40.7565675
632,grid34,grid19,54,-73.96430055555557,40.795194944444454,-73.97301303703703,40.75700624074074
633,grid34,grid20,21,-73.96333628571426,40.79633271428569,-73.96404590476193,40.75771257142858
634,grid34,grid21,40,-73.96418750000002,40.79615255,-73.990927175,40.76410299999999
635,grid34,grid22,145,-73.96418488965517,40.79558048275861,-73.98256864827584,40.76660311034483
636,grid34,grid23,28,-73.96501285714284,40.79441292857143,-73.97015564285714,40.76498910714285
637,grid34,grid24,64,-73.96431087500002,40.79514254687501,-73.96310904687498,40.76627959375
638,grid34,grid25,31,-73.9652640967742,40.793880741935475,-73.95493229032259,40.76784432258064
639,grid34,grid26,239,-73.96471569456061,40.79559509623432,-73.98163756485354,40.77602722175731
640,grid34,grid27,89,-73.96498524719098,40.79491680898875,-73.96156650561797,40.77599806741572
641,grid34,grid28,97,-73.96435793814432,40.79517125773194,-73.95396172164948,40.777118804123724
642,grid34,grid29,22,-73.96580836363638,40.79339636363636,-73.94562209090908,40.77823786363636
643,grid34,grid3,8,-73.96432974999998,40.795143625,-74.01340149999999,40.71418175
644,grid34,grid30,117,-73.96517809401706,40.7948937008547,-73.97999811965812,40.78431911965813
645,grid34,grid31,379,-73.96490322955147,40.79567115039575,-73.97381551187324,40.786415087071255
646,grid34,grid32,146,-73.9648055821918,40.794470520547954,-73.95290178767122,40.78555456164384
647,grid34,grid33,138,-73.96428078985511,40.79589707246375,-73.9717592463768,40.79483714492754
648,grid34,grid34,115,-73.96437769565216,40.79618134782607,-73.96378487826084,40.79631346086956
649,grid34,grid35,118,-73.96466785593216,40.796472110169475,-73.9635281016949,40.80510993220337
650,grid35,grid1,13,-73.96450115384616,40.80521099999999,-74.01237592307693,40.707071
651,grid35,grid12,29,-73.96525913793101,40.80507527586208,-74.0038172413793,40.744963862068964
652,grid35,grid13,98,-73.96504601020409,40.80538707142857,-73.99267423469387,40.74891356122448
653,grid35,grid14,36,-73.9654,40.80477430555555,-73.98378633333333,40.74627822222221
654,grid35,grid15,14,-73.96517749999998,40.805722357142855,-73.97204942857142,40.74822807142857
655,grid35,grid16,30,-73.96514013333334,40.804658433333344,-74.00311976666666,40.7561912
656,grid35,grid17,100,-73.96486064000005,40.80570867,-73.99242023000002,40.75616913000001
657,grid35,grid18,54,-73.9651975,40.80553492592593,-73.98374959259256,40.75690966666667
658,grid35,grid19,40,-73.9648992,40.80543,-73.97350072500002,40.75574834999999
659,grid35,grid20,18,-73.96588322222222,40.80485944444444,-73.96520933333333,40.7566218888889
660,grid35,grid21,41,-73.96485990243899,40.80499609756098,-73.99072448780487,40.76594763414634
661,grid35,grid22,171,-73.96515783040937,40.80509033918131,-73.98317453216376,40.76683164912279
662,grid35,grid23,28,-73.96589860714283,40.804249392857145,-73.97228946428572,40.76393664285714
663,grid35,grid24,51,-73.96481978431373,40.80536452941175,-73.96321629411766,40.76655962745099
664,grid35,grid25,30,-73.96380046666667,40.805136600000004,-73.95411489999998,40.7673099
665,grid35,grid26,248,-73.96539498387098,40.80477966532257,-73.98215602822579,40.77697636693551
666,grid35,grid27,55,-73.96452487272728,40.80456852727273,-73.96146565454545,40.776583054545455
667,grid35,grid28,69,-73.96491679710144,40.8045389710145,-73.95322237681161,40.776771115942026
668,grid35,grid29,14,-73.96524407142854,40.80505921428571,-73.94576157142855,40.77671185714286
669,grid35,grid3,7,-73.96612842857142,40.80409828571429,-74.01153685714284,40.71395585714286
670,grid35,grid30,157,-73.96528232484077,40.80504399363056,-73.98036122929936,40.78399846496817
671,grid35,grid31,237,-73.964968185654,40.80464308860764,-73.97479334599159,40.78699185232068
672,grid35,grid32,61,-73.96475906557377,40.80476906557378,-73.95284350819671,40.78544196721311
673,grid35,grid33,375,-73.96516083999995,40.80549482666667,-73.97168483199995,40.795112957333366
674,grid35,grid34,86,-73.96401822093019,40.805285883720934,-73.96396024418605,40.79690127906977
675,grid35,grid35,102,-73.96377454901958,40.804981264705866,-73.96342741176471,40.80577116666665
